case_id,activity,timestamp,process_id
P01-C01,CustomerIdentification,2025-02-01T08:00:00,P01
P01-C01,RiskProfileAssessment,2025-02-01T08:06:00,P01
P01-C01,AccountOpening,2025-02-01T08:12:00,P01
P01-C01,CardIssuance,2025-02-01T08:18:00,P01
P01-C02,CustomerIdentification,2025-02-01T09:00:00,P01
P01-C02,RiskProfileAssessment,2025-02-01T09:06:00,P01
P01-C02,AccountOpening,2025-02-01T09:12:00,P01
P01-C02,CardIssuance,2025-02-01T09:18:00,P01
P01-C03,CustomerIdentification,2025-02-01T10:00:00,P01
P01-C03,RiskProfileAssessment,2025-02-01T10:06:00,P01
P01-C03,AccountOpening,2025-02-01T10:12:00,P01
P01-C03,CardIssuance,2025-02-01T10:18:00,P01
P01-C04,CustomerIdentification,2025-02-01T11:00:00,P01
P01-C04,RiskProfileAssessment,2025-02-01T11:06:00,P01
P01-C04,AccountOpening,2025-02-01T11:12:00,P01
P01-C04,CardIssuance,2025-02-01T11:18:00,P01
P01-C05,CustomerIdentification,2025-02-01T12:00:00,P01
P01-C05,RiskProfileAssessment,2025-02-01T12:06:00,P01
P01-C05,AccountOpening,2025-02-01T12:12:00,P01
P01-C05,CardIssuance,2025-02-01T12:18:00,P01
P01-C06,CustomerIdentification,2025-02-01T13:00:00,P01
P01-C06,RiskProfileAssessment,2025-02-01T13:06:00,P01
P01-C06,AccountOpening,2025-02-01T13:12:00,P01
P01-C06,CardIssuance,2025-02-01T13:18:00,P01
P01-C07,CustomerIdentification,2025-02-01T14:00:00,P01
P01-C07,RiskProfileAssessment,2025-02-01T14:06:00,P01
P01-C07,AccountOpening,2025-02-01T14:12:00,P01
P01-C07,CardIssuance,2025-02-01T14:18:00,P01
P01-C08,CustomerIdentification,2025-02-01T15:00:00,P01
P01-C08,RiskProfileAssessment,2025-02-01T15:06:00,P01
P01-C08,AccountOpening,2025-02-01T15:12:00,P01
P01-C08,CardIssuance,2025-02-01T15:18:00,P01
P01-C09,CustomerIdentification,2025-02-01T16:00:00,P01
P01-C09,RiskProfileAssessment,2025-02-01T16:06:00,P01
P01-C09,AccountOpening,2025-02-01T16:12:00,P01
P01-C09,CardIssuance,2025-02-01T16:18:00,P01
P01-C10,CustomerIdentification,2025-02-01T17:00:00,P01
P01-C10,RiskProfileAssessment,2025-02-01T17:06:00,P01
P01-C10,AccountOpening,2025-02-01T17:12:00,P01
P01-C10,CardIssuance,2025-02-01T17:18:00,P01
P01-C11,CustomerIdentification,2025-02-01T18:00:00,P01
P01-C11,RiskProfileAssessment,2025-02-01T18:06:00,P01
P01-C11,AccountOpening,2025-02-01T18:12:00,P01
P01-C11,CardIssuance,2025-02-01T18:18:00,P01
P01-C12,CustomerIdentification,2025-02-01T19:00:00,P01
P01-C12,RiskProfileAssessment,2025-02-01T19:06:00,P01
P01-C12,AccountOpening,2025-02-01T19:12:00,P01
P01-C12,CardIssuance,2025-02-01T19:18:00,P01
P01-C13,CustomerIdentification,2025-02-01T20:00:00,P01
P01-C13,RiskProfileAssessment,2025-02-01T20:06:00,P01
P01-C13,AccountOpening,2025-02-01T20:12:00,P01
P01-C13,CardIssuance,2025-02-01T20:18:00,P01
P01-C14,CustomerIdentification,2025-02-01T21:00:00,P01
P01-C14,RiskProfileAssessment,2025-02-01T21:06:00,P01
P01-C14,AccountOpening,2025-02-01T21:12:00,P01
P01-C14,CardIssuance,2025-02-01T21:18:00,P01
P01-C15,CustomerIdentification,2025-02-01T22:00:00,P01
P01-C15,RiskProfileAssessment,2025-02-01T22:06:00,P01
P01-C15,AccountOpening,2025-02-01T22:12:00,P01
P01-C15,CardIssuance,2025-02-01T22:18:00,P01
P01-C16,CustomerIdentification,2025-02-01T23:00:00,P01
P01-C16,RiskProfileAssessment,2025-02-01T23:06:00,P01
P01-C16,AccountOpening,2025-02-01T23:12:00,P01
P01-C16,CardIssuance,2025-02-01T23:18:00,P01
P01-C17,CustomerIdentification,2025-02-02T00:00:00,P01
P01-C17,RiskProfileAssessment,2025-02-02T00:06:00,P01
P01-C17,AccountOpening,2025-02-02T00:12:00,P01
P01-C17,CardIssuance,2025-02-02T00:18:00,P01
P01-C18,CustomerIdentification,2025-02-02T01:00:00,P01
P01-C18,RiskProfileAssessment,2025-02-02T01:06:00,P01
P01-C18,AccountOpening,2025-02-02T01:12:00,P01
P01-C18,CardIssuance,2025-02-02T01:18:00,P01
P01-C19,CustomerIdentification,2025-02-02T02:00:00,P01
P01-C19,RiskProfileAssessment,2025-02-02T02:06:00,P01
P01-C19,AccountOpening,2025-02-02T02:12:00,P01
P01-C19,CardIssuance,2025-02-02T02:18:00,P01
P01-C20,CustomerIdentification,2025-02-02T03:00:00,P01
P01-C20,RiskProfileAssessment,2025-02-02T03:06:00,P01
P01-C20,AccountOpening,2025-02-02T03:12:00,P01
P01-C20,CardIssuance,2025-02-02T03:18:00,P01
P02-C01,CustomerIdentification,2025-02-02T04:00:00,P02
P02-C01,AccountOpening,2025-02-02T04:06:00,P02
P02-C01,CustomerNotification,2025-02-02T04:12:00,P02
P02-C02,CustomerIdentification,2025-02-02T05:00:00,P02
P02-C02,AccountOpening,2025-02-02T05:06:00,P02
P02-C02,CustomerNotification,2025-02-02T05:12:00,P02
P02-C03,CustomerIdentification,2025-02-02T06:00:00,P02
P02-C03,AccountOpening,2025-02-02T06:06:00,P02
P02-C03,CustomerNotification,2025-02-02T06:12:00,P02
P02-C04,CustomerIdentification,2025-02-02T07:00:00,P02
P02-C04,AccountOpening,2025-02-02T07:06:00,P02
P02-C04,CustomerNotification,2025-02-02T07:12:00,P02
P02-C05,CustomerIdentification,2025-02-02T08:00:00,P02
P02-C05,AccountOpening,2025-02-02T08:06:00,P02
P02-C05,CustomerNotification,2025-02-02T08:12:00,P02
P02-C06,CustomerIdentification,2025-02-02T09:00:00,P02
P02-C06,AccountOpening,2025-02-02T09:06:00,P02
P02-C06,CustomerNotification,2025-02-02T09:12:00,P02
P02-C07,CustomerIdentification,2025-02-02T10:00:00,P02
P02-C07,AccountOpening,2025-02-02T10:06:00,P02
P02-C07,CustomerNotification,2025-02-02T10:12:00,P02
P02-C08,CustomerIdentification,2025-02-02T11:00:00,P02
P02-C08,AccountOpening,2025-02-02T11:06:00,P02
P02-C08,CustomerNotification,2025-02-02T11:12:00,P02
P02-C09,CustomerIdentification,2025-02-02T12:00:00,P02
P02-C09,AccountOpening,2025-02-02T12:06:00,P02
P02-C09,CustomerNotification,2025-02-02T12:12:00,P02
P02-C10,CustomerIdentification,2025-02-02T13:00:00,P02
P02-C10,AccountOpening,2025-02-02T13:06:00,P02
P02-C10,CustomerNotification,2025-02-02T13:12:00,P02
P02-C11,CustomerIdentification,2025-02-02T14:00:00,P02
P02-C11,AccountOpening,2025-02-02T14:06:00,P02
P02-C11,CustomerNotification,2025-02-02T14:12:00,P02
P02-C12,CustomerIdentification,2025-02-02T15:00:00,P02
P02-C12,AccountOpening,2025-02-02T15:06:00,P02
P02-C12,CustomerNotification,2025-02-02T15:12:00,P02
P02-C13,CustomerIdentification,2025-02-02T16:00:00,P02
P02-C13,AccountOpening,2025-02-02T16:06:00,P02
P02-C13,CustomerNotification,2025-02-02T16:12:00,P02
P02-C14,CustomerIdentification,2025-02-02T17:00:00,P02
P02-C14,AccountOpening,2025-02-02T17:06:00,P02
P02-C14,CustomerNotification,2025-02-02T17:12:00,P02
P02-C15,CustomerIdentification,2025-02-02T18:00:00,P02
P02-C15,AccountOpening,2025-02-02T18:06:00,P02
P02-C15,CustomerNotification,2025-02-02T18:12:00,P02
P02-C16,CustomerIdentification,2025-02-02T19:00:00,P02
P02-C16,AccountOpening,2025-02-02T19:06:00,P02
P02-C16,CustomerNotification,2025-02-02T19:12:00,P02
P02-C17,CustomerIdentification,2025-02-02T20:00:00,P02
P02-C17,AccountOpening,2025-02-02T20:06:00,P02
P02-C17,CustomerNotification,2025-02-02T20:12:00,P02
P02-C18,CustomerIdentification,2025-02-02T21:00:00,P02
P02-C18,AccountOpening,2025-02-02T21:06:00,P02
P02-C18,CustomerNotification,2025-02-02T21:12:00,P02
P02-C19,CustomerIdentification,2025-02-02T22:00:00,P02
P02-C19,AccountOpening,2025-02-02T22:06:00,P02
P02-C19,CustomerNotification,2025-02-02T22:12:00,P02
P02-C20,CustomerIdentification,2025-02-02T23:00:00,P02
P02-C20,AccountOpening,2025-02-02T23:06:00,P02
P02-C20,CustomerNotification,2025-02-02T23:12:00,P02
P03-C01,LoanApplicationProcessing,2025-02-03T00:00:00,P03
P03-C01,CustomerIdentification,2025-02-03T00:06:00,P03
P03-C01,CreditScoring,2025-02-03T00:12:00,P03
P03-C01,CreditApproval,2025-02-03T00:18:00,P03
P03-C01,CollateralValuation,2025-02-03T00:24:00,P03
P03-C01,Disbursement,2025-02-03T00:30:00,P03
P03-C02,LoanApplicationProcessing,2025-02-03T01:00:00,P03
P03-C02,CustomerIdentification,2025-02-03T01:06:00,P03
P03-C02,CreditScoring,2025-02-03T01:12:00,P03
P03-C02,CreditApproval,2025-02-03T01:18:00,P03
P03-C02,CollateralValuation,2025-02-03T01:24:00,P03
P03-C02,Disbursement,2025-02-03T01:30:00,P03
P03-C03,LoanApplicationProcessing,2025-02-03T02:00:00,P03
P03-C03,CustomerIdentification,2025-02-03T02:06:00,P03
P03-C03,CreditScoring,2025-02-03T02:12:00,P03
P03-C03,CreditApproval,2025-02-03T02:18:00,P03
P03-C03,CollateralValuation,2025-02-03T02:24:00,P03
P03-C03,Disbursement,2025-02-03T02:30:00,P03
P03-C04,LoanApplicationProcessing,2025-02-03T03:00:00,P03
P03-C04,CustomerIdentification,2025-02-03T03:06:00,P03
P03-C04,CreditScoring,2025-02-03T03:12:00,P03
P03-C04,CreditApproval,2025-02-03T03:18:00,P03
P03-C04,CollateralValuation,2025-02-03T03:24:00,P03
P03-C04,Disbursement,2025-02-03T03:30:00,P03
P03-C05,LoanApplicationProcessing,2025-02-03T04:00:00,P03
P03-C05,CustomerIdentification,2025-02-03T04:06:00,P03
P03-C05,CreditScoring,2025-02-03T04:12:00,P03
P03-C05,CreditApproval,2025-02-03T04:18:00,P03
P03-C05,CollateralValuation,2025-02-03T04:24:00,P03
P03-C05,Disbursement,2025-02-03T04:30:00,P03
P03-C06,LoanApplicationProcessing,2025-02-03T05:00:00,P03
P03-C06,CustomerIdentification,2025-02-03T05:06:00,P03
P03-C06,CreditScoring,2025-02-03T05:12:00,P03
P03-C06,CreditApproval,2025-02-03T05:18:00,P03
P03-C06,CollateralValuation,2025-02-03T05:24:00,P03
P03-C06,Disbursement,2025-02-03T05:30:00,P03
P03-C07,LoanApplicationProcessing,2025-02-03T06:00:00,P03
P03-C07,CustomerIdentification,2025-02-03T06:06:00,P03
P03-C07,CreditScoring,2025-02-03T06:12:00,P03
P03-C07,CreditApproval,2025-02-03T06:18:00,P03
P03-C07,CollateralValuation,2025-02-03T06:24:00,P03
P03-C07,Disbursement,2025-02-03T06:30:00,P03
P03-C08,LoanApplicationProcessing,2025-02-03T07:00:00,P03
P03-C08,CustomerIdentification,2025-02-03T07:06:00,P03
P03-C08,CreditScoring,2025-02-03T07:12:00,P03
P03-C08,CreditApproval,2025-02-03T07:18:00,P03
P03-C08,CollateralValuation,2025-02-03T07:24:00,P03
P03-C08,Disbursement,2025-02-03T07:30:00,P03
P03-C09,LoanApplicationProcessing,2025-02-03T08:00:00,P03
P03-C09,CustomerIdentification,2025-02-03T08:06:00,P03
P03-C09,CreditScoring,2025-02-03T08:12:00,P03
P03-C09,CreditApproval,2025-02-03T08:18:00,P03
P03-C09,CollateralValuation,2025-02-03T08:24:00,P03
P03-C09,Disbursement,2025-02-03T08:30:00,P03
P03-C10,LoanApplicationProcessing,2025-02-03T09:00:00,P03
P03-C10,CustomerIdentification,2025-02-03T09:06:00,P03
P03-C10,CreditScoring,2025-02-03T09:12:00,P03
P03-C10,CreditApproval,2025-02-03T09:18:00,P03
P03-C10,CollateralValuation,2025-02-03T09:24:00,P03
P03-C10,Disbursement,2025-02-03T09:30:00,P03
P03-C11,LoanApplicationProcessing,2025-02-03T10:00:00,P03
P03-C11,CustomerIdentification,2025-02-03T10:06:00,P03
P03-C11,CreditScoring,2025-02-03T10:12:00,P03
P03-C11,CreditApproval,2025-02-03T10:18:00,P03
P03-C11,CollateralValuation,2025-02-03T10:24:00,P03
P03-C11,Disbursement,2025-02-03T10:30:00,P03
P03-C12,LoanApplicationProcessing,2025-02-03T11:00:00,P03
P03-C12,CustomerIdentification,2025-02-03T11:06:00,P03
P03-C12,CreditScoring,2025-02-03T11:12:00,P03
P03-C12,CreditApproval,2025-02-03T11:18:00,P03
P03-C12,CollateralValuation,2025-02-03T11:24:00,P03
P03-C12,Disbursement,2025-02-03T11:30:00,P03
P03-C13,LoanApplicationProcessing,2025-02-03T12:00:00,P03
P03-C13,CustomerIdentification,2025-02-03T12:06:00,P03
P03-C13,CreditScoring,2025-02-03T12:12:00,P03
P03-C13,CreditApproval,2025-02-03T12:18:00,P03
P03-C13,CollateralValuation,2025-02-03T12:24:00,P03
P03-C13,Disbursement,2025-02-03T12:30:00,P03
P03-C14,LoanApplicationProcessing,2025-02-03T13:00:00,P03
P03-C14,CustomerIdentification,2025-02-03T13:06:00,P03
P03-C14,CreditScoring,2025-02-03T13:12:00,P03
P03-C14,CreditApproval,2025-02-03T13:18:00,P03
P03-C14,CollateralValuation,2025-02-03T13:24:00,P03
P03-C14,Disbursement,2025-02-03T13:30:00,P03
P03-C15,LoanApplicationProcessing,2025-02-03T14:00:00,P03
P03-C15,CustomerIdentification,2025-02-03T14:06:00,P03
P03-C15,CreditScoring,2025-02-03T14:12:00,P03
P03-C15,CreditApproval,2025-02-03T14:18:00,P03
P03-C15,CollateralValuation,2025-02-03T14:24:00,P03
P03-C15,Disbursement,2025-02-03T14:30:00,P03
P03-C16,LoanApplicationProcessing,2025-02-03T15:00:00,P03
P03-C16,CustomerIdentification,2025-02-03T15:06:00,P03
P03-C16,CreditScoring,2025-02-03T15:12:00,P03
P03-C16,CreditApproval,2025-02-03T15:18:00,P03
P03-C16,CollateralValuation,2025-02-03T15:24:00,P03
P03-C16,Disbursement,2025-02-03T15:30:00,P03
P03-C17,LoanApplicationProcessing,2025-02-03T16:00:00,P03
P03-C17,CustomerIdentification,2025-02-03T16:06:00,P03
P03-C17,CreditScoring,2025-02-03T16:12:00,P03
P03-C17,CreditApproval,2025-02-03T16:18:00,P03
P03-C17,CollateralValuation,2025-02-03T16:24:00,P03
P03-C17,Disbursement,2025-02-03T16:30:00,P03
P03-C18,LoanApplicationProcessing,2025-02-03T17:00:00,P03
P03-C18,CustomerIdentification,2025-02-03T17:06:00,P03
P03-C18,CreditScoring,2025-02-03T17:12:00,P03
P03-C18,CreditApproval,2025-02-03T17:18:00,P03
P03-C18,CollateralValuation,2025-02-03T17:24:00,P03
P03-C18,Disbursement,2025-02-03T17:30:00,P03
P03-C19,LoanApplicationProcessing,2025-02-03T18:00:00,P03
P03-C19,CustomerIdentification,2025-02-03T18:06:00,P03
P03-C19,CreditScoring,2025-02-03T18:12:00,P03
P03-C19,CreditApproval,2025-02-03T18:18:00,P03
P03-C19,CollateralValuation,2025-02-03T18:24:00,P03
P03-C19,Disbursement,2025-02-03T18:30:00,P03
P03-C20,LoanApplicationProcessing,2025-02-03T19:00:00,P03
P03-C20,CustomerIdentification,2025-02-03T19:06:00,P03
P03-C20,CreditScoring,2025-02-03T19:12:00,P03
P03-C20,CreditApproval,2025-02-03T19:18:00,P03
P03-C20,CollateralValuation,2025-02-03T19:24:00,P03
P03-C20,Disbursement,2025-02-03T19:30:00,P03
P04-C01,LoanApplicationProcessing,2025-02-03T20:00:00,P04
P04-C01,CustomerIdentification,2025-02-03T20:06:00,P04
P04-C01,CreditScoring,2025-02-03T20:12:00,P04
P04-C01,CreditApproval,2025-02-03T20:18:00,P04
P04-C01,Disbursement,2025-02-03T20:24:00,P04
P04-C02,LoanApplicationProcessing,2025-02-03T21:00:00,P04
P04-C02,CustomerIdentification,2025-02-03T21:06:00,P04
P04-C02,CreditScoring,2025-02-03T21:12:00,P04
P04-C02,CreditApproval,2025-02-03T21:18:00,P04
P04-C02,Disbursement,2025-02-03T21:24:00,P04
P04-C03,LoanApplicationProcessing,2025-02-03T22:00:00,P04
P04-C03,CustomerIdentification,2025-02-03T22:06:00,P04
P04-C03,CreditScoring,2025-02-03T22:12:00,P04
P04-C03,CreditApproval,2025-02-03T22:18:00,P04
P04-C03,Disbursement,2025-02-03T22:24:00,P04
P04-C04,LoanApplicationProcessing,2025-02-03T23:00:00,P04
P04-C04,CustomerIdentification,2025-02-03T23:06:00,P04
P04-C04,CreditScoring,2025-02-03T23:12:00,P04
P04-C04,CreditApproval,2025-02-03T23:18:00,P04
P04-C04,Disbursement,2025-02-03T23:24:00,P04
P04-C05,LoanApplicationProcessing,2025-02-04T00:00:00,P04
P04-C05,CustomerIdentification,2025-02-04T00:06:00,P04
P04-C05,CreditScoring,2025-02-04T00:12:00,P04
P04-C05,CreditApproval,2025-02-04T00:18:00,P04
P04-C05,Disbursement,2025-02-04T00:24:00,P04
P04-C06,LoanApplicationProcessing,2025-02-04T01:00:00,P04
P04-C06,CustomerIdentification,2025-02-04T01:06:00,P04
P04-C06,CreditScoring,2025-02-04T01:12:00,P04
P04-C06,CreditApproval,2025-02-04T01:18:00,P04
P04-C06,Disbursement,2025-02-04T01:24:00,P04
P04-C07,LoanApplicationProcessing,2025-02-04T02:00:00,P04
P04-C07,CustomerIdentification,2025-02-04T02:06:00,P04
P04-C07,CreditScoring,2025-02-04T02:12:00,P04
P04-C07,CreditApproval,2025-02-04T02:18:00,P04
P04-C07,Disbursement,2025-02-04T02:24:00,P04
P04-C08,LoanApplicationProcessing,2025-02-04T03:00:00,P04
P04-C08,CustomerIdentification,2025-02-04T03:06:00,P04
P04-C08,CreditScoring,2025-02-04T03:12:00,P04
P04-C08,CreditApproval,2025-02-04T03:18:00,P04
P04-C08,Disbursement,2025-02-04T03:24:00,P04
P04-C09,LoanApplicationProcessing,2025-02-04T04:00:00,P04
P04-C09,CustomerIdentification,2025-02-04T04:06:00,P04
P04-C09,CreditScoring,2025-02-04T04:12:00,P04
P04-C09,CreditApproval,2025-02-04T04:18:00,P04
P04-C09,Disbursement,2025-02-04T04:24:00,P04
P04-C10,LoanApplicationProcessing,2025-02-04T05:00:00,P04
P04-C10,CustomerIdentification,2025-02-04T05:06:00,P04
P04-C10,CreditScoring,2025-02-04T05:12:00,P04
P04-C10,CreditApproval,2025-02-04T05:18:00,P04
P04-C10,Disbursement,2025-02-04T05:24:00,P04
P04-C11,LoanApplicationProcessing,2025-02-04T06:00:00,P04
P04-C11,CustomerIdentification,2025-02-04T06:06:00,P04
P04-C11,CreditScoring,2025-02-04T06:12:00,P04
P04-C11,CreditApproval,2025-02-04T06:18:00,P04
P04-C11,Disbursement,2025-02-04T06:24:00,P04
P04-C12,LoanApplicationProcessing,2025-02-04T07:00:00,P04
P04-C12,CustomerIdentification,2025-02-04T07:06:00,P04
P04-C12,CreditScoring,2025-02-04T07:12:00,P04
P04-C12,CreditApproval,2025-02-04T07:18:00,P04
P04-C12,Disbursement,2025-02-04T07:24:00,P04
P04-C13,LoanApplicationProcessing,2025-02-04T08:00:00,P04
P04-C13,CustomerIdentification,2025-02-04T08:06:00,P04
P04-C13,CreditScoring,2025-02-04T08:12:00,P04
P04-C13,CreditApproval,2025-02-04T08:18:00,P04
P04-C13,Disbursement,2025-02-04T08:24:00,P04
P04-C14,LoanApplicationProcessing,2025-02-04T09:00:00,P04
P04-C14,CustomerIdentification,2025-02-04T09:06:00,P04
P04-C14,CreditScoring,2025-02-04T09:12:00,P04
P04-C14,CreditApproval,2025-02-04T09:18:00,P04
P04-C14,Disbursement,2025-02-04T09:24:00,P04
P04-C15,LoanApplicationProcessing,2025-02-04T10:00:00,P04
P04-C15,CustomerIdentification,2025-02-04T10:06:00,P04
P04-C15,CreditScoring,2025-02-04T10:12:00,P04
P04-C15,CreditApproval,2025-02-04T10:18:00,P04
P04-C15,Disbursement,2025-02-04T10:24:00,P04
P04-C16,LoanApplicationProcessing,2025-02-04T11:00:00,P04
P04-C16,CustomerIdentification,2025-02-04T11:06:00,P04
P04-C16,CreditScoring,2025-02-04T11:12:00,P04
P04-C16,CreditApproval,2025-02-04T11:18:00,P04
P04-C16,Disbursement,2025-02-04T11:24:00,P04
P04-C17,LoanApplicationProcessing,2025-02-04T12:00:00,P04
P04-C17,CustomerIdentification,2025-02-04T12:06:00,P04
P04-C17,CreditScoring,2025-02-04T12:12:00,P04
P04-C17,CreditApproval,2025-02-04T12:18:00,P04
P04-C17,Disbursement,2025-02-04T12:24:00,P04
P04-C18,LoanApplicationProcessing,2025-02-04T13:00:00,P04
P04-C18,CustomerIdentification,2025-02-04T13:06:00,P04
P04-C18,CreditScoring,2025-02-04T13:12:00,P04
P04-C18,CreditApproval,2025-02-04T13:18:00,P04
P04-C18,Disbursement,2025-02-04T13:24:00,P04
P04-C19,LoanApplicationProcessing,2025-02-04T14:00:00,P04
P04-C19,CustomerIdentification,2025-02-04T14:06:00,P04
P04-C19,CreditScoring,2025-02-04T14:12:00,P04
P04-C19,CreditApproval,2025-02-04T14:18:00,P04
P04-C19,Disbursement,2025-02-04T14:24:00,P04
P04-C20,LoanApplicationProcessing,2025-02-04T15:00:00,P04
P04-C20,CustomerIdentification,2025-02-04T15:06:00,P04
P04-C20,CreditScoring,2025-02-04T15:12:00,P04
P04-C20,CreditApproval,2025-02-04T15:18:00,P04
P04-C20,Disbursement,2025-02-04T15:24:00,P04
P05-C01,LetterOfCreditIssuance,2025-02-04T16:00:00,P05
P05-C01,CustomerIdentification,2025-02-04T16:06:00,P05
P05-C01,CollateralValuation,2025-02-04T16:12:00,P05
P05-C01,Disbursement,2025-02-04T16:18:00,P05
P05-C02,LetterOfCreditIssuance,2025-02-04T17:00:00,P05
P05-C02,CustomerIdentification,2025-02-04T17:06:00,P05
P05-C02,CollateralValuation,2025-02-04T17:12:00,P05
P05-C02,Disbursement,2025-02-04T17:18:00,P05
P05-C03,LetterOfCreditIssuance,2025-02-04T18:00:00,P05
P05-C03,CustomerIdentification,2025-02-04T18:06:00,P05
P05-C03,CollateralValuation,2025-02-04T18:12:00,P05
P05-C03,Disbursement,2025-02-04T18:18:00,P05
P05-C04,LetterOfCreditIssuance,2025-02-04T19:00:00,P05
P05-C04,CustomerIdentification,2025-02-04T19:06:00,P05
P05-C04,CollateralValuation,2025-02-04T19:12:00,P05
P05-C04,Disbursement,2025-02-04T19:18:00,P05
P05-C05,LetterOfCreditIssuance,2025-02-04T20:00:00,P05
P05-C05,CustomerIdentification,2025-02-04T20:06:00,P05
P05-C05,CollateralValuation,2025-02-04T20:12:00,P05
P05-C05,Disbursement,2025-02-04T20:18:00,P05
P05-C06,LetterOfCreditIssuance,2025-02-04T21:00:00,P05
P05-C06,CustomerIdentification,2025-02-04T21:06:00,P05
P05-C06,CollateralValuation,2025-02-04T21:12:00,P05
P05-C06,Disbursement,2025-02-04T21:18:00,P05
P05-C07,LetterOfCreditIssuance,2025-02-04T22:00:00,P05
P05-C07,CustomerIdentification,2025-02-04T22:06:00,P05
P05-C07,CollateralValuation,2025-02-04T22:12:00,P05
P05-C07,Disbursement,2025-02-04T22:18:00,P05
P05-C08,LetterOfCreditIssuance,2025-02-04T23:00:00,P05
P05-C08,CustomerIdentification,2025-02-04T23:06:00,P05
P05-C08,CollateralValuation,2025-02-04T23:12:00,P05
P05-C08,Disbursement,2025-02-04T23:18:00,P05
P05-C09,LetterOfCreditIssuance,2025-02-05T00:00:00,P05
P05-C09,CustomerIdentification,2025-02-05T00:06:00,P05
P05-C09,CollateralValuation,2025-02-05T00:12:00,P05
P05-C09,Disbursement,2025-02-05T00:18:00,P05
P05-C10,LetterOfCreditIssuance,2025-02-05T01:00:00,P05
P05-C10,CustomerIdentification,2025-02-05T01:06:00,P05
P05-C10,CollateralValuation,2025-02-05T01:12:00,P05
P05-C10,Disbursement,2025-02-05T01:18:00,P05
P05-C11,LetterOfCreditIssuance,2025-02-05T02:00:00,P05
P05-C11,CustomerIdentification,2025-02-05T02:06:00,P05
P05-C11,CollateralValuation,2025-02-05T02:12:00,P05
P05-C11,Disbursement,2025-02-05T02:18:00,P05
P05-C12,LetterOfCreditIssuance,2025-02-05T03:00:00,P05
P05-C12,CustomerIdentification,2025-02-05T03:06:00,P05
P05-C12,CollateralValuation,2025-02-05T03:12:00,P05
P05-C12,Disbursement,2025-02-05T03:18:00,P05
P05-C13,LetterOfCreditIssuance,2025-02-05T04:00:00,P05
P05-C13,CustomerIdentification,2025-02-05T04:06:00,P05
P05-C13,CollateralValuation,2025-02-05T04:12:00,P05
P05-C13,Disbursement,2025-02-05T04:18:00,P05
P05-C14,LetterOfCreditIssuance,2025-02-05T05:00:00,P05
P05-C14,CustomerIdentification,2025-02-05T05:06:00,P05
P05-C14,CollateralValuation,2025-02-05T05:12:00,P05
P05-C14,Disbursement,2025-02-05T05:18:00,P05
P05-C15,LetterOfCreditIssuance,2025-02-05T06:00:00,P05
P05-C15,CustomerIdentification,2025-02-05T06:06:00,P05
P05-C15,CollateralValuation,2025-02-05T06:12:00,P05
P05-C15,Disbursement,2025-02-05T06:18:00,P05
P05-C16,LetterOfCreditIssuance,2025-02-05T07:00:00,P05
P05-C16,CustomerIdentification,2025-02-05T07:06:00,P05
P05-C16,CollateralValuation,2025-02-05T07:12:00,P05
P05-C16,Disbursement,2025-02-05T07:18:00,P05
P05-C17,LetterOfCreditIssuance,2025-02-05T08:00:00,P05
P05-C17,CustomerIdentification,2025-02-05T08:06:00,P05
P05-C17,CollateralValuation,2025-02-05T08:12:00,P05
P05-C17,Disbursement,2025-02-05T08:18:00,P05
P05-C18,LetterOfCreditIssuance,2025-02-05T09:00:00,P05
P05-C18,CustomerIdentification,2025-02-05T09:06:00,P05
P05-C18,CollateralValuation,2025-02-05T09:12:00,P05
P05-C18,Disbursement,2025-02-05T09:18:00,P05
P05-C19,LetterOfCreditIssuance,2025-02-05T10:00:00,P05
P05-C19,CustomerIdentification,2025-02-05T10:06:00,P05
P05-C19,CollateralValuation,2025-02-05T10:12:00,P05
P05-C19,Disbursement,2025-02-05T10:18:00,P05
P05-C20,LetterOfCreditIssuance,2025-02-05T11:00:00,P05
P05-C20,CustomerIdentification,2025-02-05T11:06:00,P05
P05-C20,CollateralValuation,2025-02-05T11:12:00,P05
P05-C20,Disbursement,2025-02-05T11:18:00,P05
P06-C01,ForeignExchange,2025-02-05T12:00:00,P06
P06-C01,TransactionMonitoring,2025-02-05T12:06:00,P06
P06-C01,AMLScreening,2025-02-05T12:12:00,P06
P06-C01,Reconciliation,2025-02-05T12:18:00,P06
P06-C02,ForeignExchange,2025-02-05T13:00:00,P06
P06-C02,TransactionMonitoring,2025-02-05T13:06:00,P06
P06-C02,AMLScreening,2025-02-05T13:12:00,P06
P06-C02,Reconciliation,2025-02-05T13:18:00,P06
P06-C03,ForeignExchange,2025-02-05T14:00:00,P06
P06-C03,TransactionMonitoring,2025-02-05T14:06:00,P06
P06-C03,AMLScreening,2025-02-05T14:12:00,P06
P06-C03,Reconciliation,2025-02-05T14:18:00,P06
P06-C04,ForeignExchange,2025-02-05T15:00:00,P06
P06-C04,TransactionMonitoring,2025-02-05T15:06:00,P06
P06-C04,AMLScreening,2025-02-05T15:12:00,P06
P06-C04,Reconciliation,2025-02-05T15:18:00,P06
P06-C05,ForeignExchange,2025-02-05T16:00:00,P06
P06-C05,TransactionMonitoring,2025-02-05T16:06:00,P06
P06-C05,AMLScreening,2025-02-05T16:12:00,P06
P06-C05,Reconciliation,2025-02-05T16:18:00,P06
P06-C06,ForeignExchange,2025-02-05T17:00:00,P06
P06-C06,TransactionMonitoring,2025-02-05T17:06:00,P06
P06-C06,AMLScreening,2025-02-05T17:12:00,P06
P06-C06,Reconciliation,2025-02-05T17:18:00,P06
P06-C07,ForeignExchange,2025-02-05T18:00:00,P06
P06-C07,TransactionMonitoring,2025-02-05T18:06:00,P06
P06-C07,AMLScreening,2025-02-05T18:12:00,P06
P06-C07,Reconciliation,2025-02-05T18:18:00,P06
P06-C08,ForeignExchange,2025-02-05T19:00:00,P06
P06-C08,TransactionMonitoring,2025-02-05T19:06:00,P06
P06-C08,AMLScreening,2025-02-05T19:12:00,P06
P06-C08,Reconciliation,2025-02-05T19:18:00,P06
P06-C09,ForeignExchange,2025-02-05T20:00:00,P06
P06-C09,TransactionMonitoring,2025-02-05T20:06:00,P06
P06-C09,AMLScreening,2025-02-05T20:12:00,P06
P06-C09,Reconciliation,2025-02-05T20:18:00,P06
P06-C10,ForeignExchange,2025-02-05T21:00:00,P06
P06-C10,TransactionMonitoring,2025-02-05T21:06:00,P06
P06-C10,AMLScreening,2025-02-05T21:12:00,P06
P06-C10,Reconciliation,2025-02-05T21:18:00,P06
P06-C11,ForeignExchange,2025-02-05T22:00:00,P06
P06-C11,TransactionMonitoring,2025-02-05T22:06:00,P06
P06-C11,AMLScreening,2025-02-05T22:12:00,P06
P06-C11,Reconciliation,2025-02-05T22:18:00,P06
P06-C12,ForeignExchange,2025-02-05T23:00:00,P06
P06-C12,TransactionMonitoring,2025-02-05T23:06:00,P06
P06-C12,AMLScreening,2025-02-05T23:12:00,P06
P06-C12,Reconciliation,2025-02-05T23:18:00,P06
P06-C13,ForeignExchange,2025-02-06T00:00:00,P06
P06-C13,TransactionMonitoring,2025-02-06T00:06:00,P06
P06-C13,AMLScreening,2025-02-06T00:12:00,P06
P06-C13,Reconciliation,2025-02-06T00:18:00,P06
P06-C14,ForeignExchange,2025-02-06T01:00:00,P06
P06-C14,TransactionMonitoring,2025-02-06T01:06:00,P06
P06-C14,AMLScreening,2025-02-06T01:12:00,P06
P06-C14,Reconciliation,2025-02-06T01:18:00,P06
P06-C15,ForeignExchange,2025-02-06T02:00:00,P06
P06-C15,TransactionMonitoring,2025-02-06T02:06:00,P06
P06-C15,AMLScreening,2025-02-06T02:12:00,P06
P06-C15,Reconciliation,2025-02-06T02:18:00,P06
P06-C16,ForeignExchange,2025-02-06T03:00:00,P06
P06-C16,TransactionMonitoring,2025-02-06T03:06:00,P06
P06-C16,AMLScreening,2025-02-06T03:12:00,P06
P06-C16,Reconciliation,2025-02-06T03:18:00,P06
P06-C17,ForeignExchange,2025-02-06T04:00:00,P06
P06-C17,TransactionMonitoring,2025-02-06T04:06:00,P06
P06-C17,AMLScreening,2025-02-06T04:12:00,P06
P06-C17,Reconciliation,2025-02-06T04:18:00,P06
P06-C18,ForeignExchange,2025-02-06T05:00:00,P06
P06-C18,TransactionMonitoring,2025-02-06T05:06:00,P06
P06-C18,AMLScreening,2025-02-06T05:12:00,P06
P06-C18,Reconciliation,2025-02-06T05:18:00,P06
P06-C19,ForeignExchange,2025-02-06T06:00:00,P06
P06-C19,TransactionMonitoring,2025-02-06T06:06:00,P06
P06-C19,AMLScreening,2025-02-06T06:12:00,P06
P06-C19,Reconciliation,2025-02-06T06:18:00,P06
P06-C20,ForeignExchange,2025-02-06T07:00:00,P06
P06-C20,TransactionMonitoring,2025-02-06T07:06:00,P06
P06-C20,AMLScreening,2025-02-06T07:12:00,P06
P06-C20,Reconciliation,2025-02-06T07:18:00,P06
P07-C01,CashDepositWithdrawal,2025-02-06T08:00:00,P07
P07-C01,TransactionMonitoring,2025-02-06T08:06:00,P07
P07-C01,FundTransfer,2025-02-06T08:12:00,P07
P07-C01,Reconciliation,2025-02-06T08:18:00,P07
P07-C02,CashDepositWithdrawal,2025-02-06T09:00:00,P07
P07-C02,TransactionMonitoring,2025-02-06T09:06:00,P07
P07-C02,FundTransfer,2025-02-06T09:12:00,P07
P07-C02,Reconciliation,2025-02-06T09:18:00,P07
P07-C03,CashDepositWithdrawal,2025-02-06T10:00:00,P07
P07-C03,TransactionMonitoring,2025-02-06T10:06:00,P07
P07-C03,FundTransfer,2025-02-06T10:12:00,P07
P07-C03,Reconciliation,2025-02-06T10:18:00,P07
P07-C04,CashDepositWithdrawal,2025-02-06T11:00:00,P07
P07-C04,TransactionMonitoring,2025-02-06T11:06:00,P07
P07-C04,FundTransfer,2025-02-06T11:12:00,P07
P07-C04,Reconciliation,2025-02-06T11:18:00,P07
P07-C05,CashDepositWithdrawal,2025-02-06T12:00:00,P07
P07-C05,TransactionMonitoring,2025-02-06T12:06:00,P07
P07-C05,FundTransfer,2025-02-06T12:12:00,P07
P07-C05,Reconciliation,2025-02-06T12:18:00,P07
P07-C06,CashDepositWithdrawal,2025-02-06T13:00:00,P07
P07-C06,TransactionMonitoring,2025-02-06T13:06:00,P07
P07-C06,FundTransfer,2025-02-06T13:12:00,P07
P07-C06,Reconciliation,2025-02-06T13:18:00,P07
P07-C07,CashDepositWithdrawal,2025-02-06T14:00:00,P07
P07-C07,TransactionMonitoring,2025-02-06T14:06:00,P07
P07-C07,FundTransfer,2025-02-06T14:12:00,P07
P07-C07,Reconciliation,2025-02-06T14:18:00,P07
P07-C08,CashDepositWithdrawal,2025-02-06T15:00:00,P07
P07-C08,TransactionMonitoring,2025-02-06T15:06:00,P07
P07-C08,FundTransfer,2025-02-06T15:12:00,P07
P07-C08,Reconciliation,2025-02-06T15:18:00,P07
P07-C09,CashDepositWithdrawal,2025-02-06T16:00:00,P07
P07-C09,TransactionMonitoring,2025-02-06T16:06:00,P07
P07-C09,FundTransfer,2025-02-06T16:12:00,P07
P07-C09,Reconciliation,2025-02-06T16:18:00,P07
P07-C10,CashDepositWithdrawal,2025-02-06T17:00:00,P07
P07-C10,TransactionMonitoring,2025-02-06T17:06:00,P07
P07-C10,FundTransfer,2025-02-06T17:12:00,P07
P07-C10,Reconciliation,2025-02-06T17:18:00,P07
P07-C11,CashDepositWithdrawal,2025-02-06T18:00:00,P07
P07-C11,TransactionMonitoring,2025-02-06T18:06:00,P07
P07-C11,FundTransfer,2025-02-06T18:12:00,P07
P07-C11,Reconciliation,2025-02-06T18:18:00,P07
P07-C12,CashDepositWithdrawal,2025-02-06T19:00:00,P07
P07-C12,TransactionMonitoring,2025-02-06T19:06:00,P07
P07-C12,FundTransfer,2025-02-06T19:12:00,P07
P07-C12,Reconciliation,2025-02-06T19:18:00,P07
P07-C13,CashDepositWithdrawal,2025-02-06T20:00:00,P07
P07-C13,TransactionMonitoring,2025-02-06T20:06:00,P07
P07-C13,FundTransfer,2025-02-06T20:12:00,P07
P07-C13,Reconciliation,2025-02-06T20:18:00,P07
P07-C14,CashDepositWithdrawal,2025-02-06T21:00:00,P07
P07-C14,TransactionMonitoring,2025-02-06T21:06:00,P07
P07-C14,FundTransfer,2025-02-06T21:12:00,P07
P07-C14,Reconciliation,2025-02-06T21:18:00,P07
P07-C15,CashDepositWithdrawal,2025-02-06T22:00:00,P07
P07-C15,TransactionMonitoring,2025-02-06T22:06:00,P07
P07-C15,FundTransfer,2025-02-06T22:12:00,P07
P07-C15,Reconciliation,2025-02-06T22:18:00,P07
P07-C16,CashDepositWithdrawal,2025-02-06T23:00:00,P07
P07-C16,TransactionMonitoring,2025-02-06T23:06:00,P07
P07-C16,FundTransfer,2025-02-06T23:12:00,P07
P07-C16,Reconciliation,2025-02-06T23:18:00,P07
P07-C17,CashDepositWithdrawal,2025-02-07T00:00:00,P07
P07-C17,TransactionMonitoring,2025-02-07T00:06:00,P07
P07-C17,FundTransfer,2025-02-07T00:12:00,P07
P07-C17,Reconciliation,2025-02-07T00:18:00,P07
P07-C18,CashDepositWithdrawal,2025-02-07T01:00:00,P07
P07-C18,TransactionMonitoring,2025-02-07T01:06:00,P07
P07-C18,FundTransfer,2025-02-07T01:12:00,P07
P07-C18,Reconciliation,2025-02-07T01:18:00,P07
P07-C19,CashDepositWithdrawal,2025-02-07T02:00:00,P07
P07-C19,TransactionMonitoring,2025-02-07T02:06:00,P07
P07-C19,FundTransfer,2025-02-07T02:12:00,P07
P07-C19,Reconciliation,2025-02-07T02:18:00,P07
P07-C20,CashDepositWithdrawal,2025-02-07T03:00:00,P07
P07-C20,TransactionMonitoring,2025-02-07T03:06:00,P07
P07-C20,FundTransfer,2025-02-07T03:12:00,P07
P07-C20,Reconciliation,2025-02-07T03:18:00,P07
P08-C01,DebtCollection,2025-02-07T04:00:00,P08
P08-C01,CustomerIdentification,2025-02-07T04:06:00,P08
P08-C01,AMLScreening,2025-02-07T04:12:00,P08
P08-C01,InternalAudit,2025-02-07T04:18:00,P08
P08-C02,DebtCollection,2025-02-07T05:00:00,P08
P08-C02,CustomerIdentification,2025-02-07T05:06:00,P08
P08-C02,AMLScreening,2025-02-07T05:12:00,P08
P08-C02,InternalAudit,2025-02-07T05:18:00,P08
P08-C03,DebtCollection,2025-02-07T06:00:00,P08
P08-C03,CustomerIdentification,2025-02-07T06:06:00,P08
P08-C03,AMLScreening,2025-02-07T06:12:00,P08
P08-C03,InternalAudit,2025-02-07T06:18:00,P08
P08-C04,DebtCollection,2025-02-07T07:00:00,P08
P08-C04,CustomerIdentification,2025-02-07T07:06:00,P08
P08-C04,AMLScreening,2025-02-07T07:12:00,P08
P08-C04,InternalAudit,2025-02-07T07:18:00,P08
P08-C05,DebtCollection,2025-02-07T08:00:00,P08
P08-C05,CustomerIdentification,2025-02-07T08:06:00,P08
P08-C05,AMLScreening,2025-02-07T08:12:00,P08
P08-C05,InternalAudit,2025-02-07T08:18:00,P08
P08-C06,DebtCollection,2025-02-07T09:00:00,P08
P08-C06,CustomerIdentification,2025-02-07T09:06:00,P08
P08-C06,AMLScreening,2025-02-07T09:12:00,P08
P08-C06,InternalAudit,2025-02-07T09:18:00,P08
P08-C07,DebtCollection,2025-02-07T10:00:00,P08
P08-C07,CustomerIdentification,2025-02-07T10:06:00,P08
P08-C07,AMLScreening,2025-02-07T10:12:00,P08
P08-C07,InternalAudit,2025-02-07T10:18:00,P08
P08-C08,DebtCollection,2025-02-07T11:00:00,P08
P08-C08,CustomerIdentification,2025-02-07T11:06:00,P08
P08-C08,AMLScreening,2025-02-07T11:12:00,P08
P08-C08,InternalAudit,2025-02-07T11:18:00,P08
P08-C09,DebtCollection,2025-02-07T12:00:00,P08
P08-C09,CustomerIdentification,2025-02-07T12:06:00,P08
P08-C09,AMLScreening,2025-02-07T12:12:00,P08
P08-C09,InternalAudit,2025-02-07T12:18:00,P08
P08-C10,DebtCollection,2025-02-07T13:00:00,P08
P08-C10,CustomerIdentification,2025-02-07T13:06:00,P08
P08-C10,AMLScreening,2025-02-07T13:12:00,P08
P08-C10,InternalAudit,2025-02-07T13:18:00,P08
P08-C11,DebtCollection,2025-02-07T14:00:00,P08
P08-C11,CustomerIdentification,2025-02-07T14:06:00,P08
P08-C11,AMLScreening,2025-02-07T14:12:00,P08
P08-C11,InternalAudit,2025-02-07T14:18:00,P08
P08-C12,DebtCollection,2025-02-07T15:00:00,P08
P08-C12,CustomerIdentification,2025-02-07T15:06:00,P08
P08-C12,AMLScreening,2025-02-07T15:12:00,P08
P08-C12,InternalAudit,2025-02-07T15:18:00,P08
P08-C13,DebtCollection,2025-02-07T16:00:00,P08
P08-C13,CustomerIdentification,2025-02-07T16:06:00,P08
P08-C13,AMLScreening,2025-02-07T16:12:00,P08
P08-C13,InternalAudit,2025-02-07T16:18:00,P08
P08-C14,DebtCollection,2025-02-07T17:00:00,P08
P08-C14,CustomerIdentification,2025-02-07T17:06:00,P08
P08-C14,AMLScreening,2025-02-07T17:12:00,P08
P08-C14,InternalAudit,2025-02-07T17:18:00,P08
P08-C15,DebtCollection,2025-02-07T18:00:00,P08
P08-C15,CustomerIdentification,2025-02-07T18:06:00,P08
P08-C15,AMLScreening,2025-02-07T18:12:00,P08
P08-C15,InternalAudit,2025-02-07T18:18:00,P08
P08-C16,DebtCollection,2025-02-07T19:00:00,P08
P08-C16,CustomerIdentification,2025-02-07T19:06:00,P08
P08-C16,AMLScreening,2025-02-07T19:12:00,P08
P08-C16,InternalAudit,2025-02-07T19:18:00,P08
P08-C17,DebtCollection,2025-02-07T20:00:00,P08
P08-C17,CustomerIdentification,2025-02-07T20:06:00,P08
P08-C17,AMLScreening,2025-02-07T20:12:00,P08
P08-C17,InternalAudit,2025-02-07T20:18:00,P08
P08-C18,DebtCollection,2025-02-07T21:00:00,P08
P08-C18,CustomerIdentification,2025-02-07T21:06:00,P08
P08-C18,AMLScreening,2025-02-07T21:12:00,P08
P08-C18,InternalAudit,2025-02-07T21:18:00,P08
P08-C19,DebtCollection,2025-02-07T22:00:00,P08
P08-C19,CustomerIdentification,2025-02-07T22:06:00,P08
P08-C19,AMLScreening,2025-02-07T22:12:00,P08
P08-C19,InternalAudit,2025-02-07T22:18:00,P08
P08-C20,DebtCollection,2025-02-07T23:00:00,P08
P08-C20,CustomerIdentification,2025-02-07T23:06:00,P08
P08-C20,AMLScreening,2025-02-07T23:12:00,P08
P08-C20,InternalAudit,2025-02-07T23:18:00,P08
P09-C01,TransactionMonitoring,2025-02-08T00:00:00,P09
P09-C01,Reconciliation,2025-02-08T00:06:00,P09
P09-C01,InternalAudit,2025-02-08T00:12:00,P09
P09-C02,TransactionMonitoring,2025-02-08T01:00:00,P09
P09-C02,Reconciliation,2025-02-08T01:06:00,P09
P09-C02,InternalAudit,2025-02-08T01:12:00,P09
P09-C03,TransactionMonitoring,2025-02-08T02:00:00,P09
P09-C03,Reconciliation,2025-02-08T02:06:00,P09
P09-C03,InternalAudit,2025-02-08T02:12:00,P09
P09-C04,TransactionMonitoring,2025-02-08T03:00:00,P09
P09-C04,Reconciliation,2025-02-08T03:06:00,P09
P09-C04,InternalAudit,2025-02-08T03:12:00,P09
P09-C05,TransactionMonitoring,2025-02-08T04:00:00,P09
P09-C05,Reconciliation,2025-02-08T04:06:00,P09
P09-C05,InternalAudit,2025-02-08T04:12:00,P09
P09-C06,TransactionMonitoring,2025-02-08T05:00:00,P09
P09-C06,Reconciliation,2025-02-08T05:06:00,P09
P09-C06,InternalAudit,2025-02-08T05:12:00,P09
P09-C07,TransactionMonitoring,2025-02-08T06:00:00,P09
P09-C07,Reconciliation,2025-02-08T06:06:00,P09
P09-C07,InternalAudit,2025-02-08T06:12:00,P09
P09-C08,TransactionMonitoring,2025-02-08T07:00:00,P09
P09-C08,Reconciliation,2025-02-08T07:06:00,P09
P09-C08,InternalAudit,2025-02-08T07:12:00,P09
P09-C09,TransactionMonitoring,2025-02-08T08:00:00,P09
P09-C09,Reconciliation,2025-02-08T08:06:00,P09
P09-C09,InternalAudit,2025-02-08T08:12:00,P09
P09-C10,TransactionMonitoring,2025-02-08T09:00:00,P09
P09-C10,Reconciliation,2025-02-08T09:06:00,P09
P09-C10,InternalAudit,2025-02-08T09:12:00,P09
P09-C11,TransactionMonitoring,2025-02-08T10:00:00,P09
P09-C11,Reconciliation,2025-02-08T10:06:00,P09
P09-C11,InternalAudit,2025-02-08T10:12:00,P09
P09-C12,TransactionMonitoring,2025-02-08T11:00:00,P09
P09-C12,Reconciliation,2025-02-08T11:06:00,P09
P09-C12,InternalAudit,2025-02-08T11:12:00,P09
P09-C13,TransactionMonitoring,2025-02-08T12:00:00,P09
P09-C13,Reconciliation,2025-02-08T12:06:00,P09
P09-C13,InternalAudit,2025-02-08T12:12:00,P09
P09-C14,TransactionMonitoring,2025-02-08T13:00:00,P09
P09-C14,Reconciliation,2025-02-08T13:06:00,P09
P09-C14,InternalAudit,2025-02-08T13:12:00,P09
P09-C15,TransactionMonitoring,2025-02-08T14:00:00,P09
P09-C15,Reconciliation,2025-02-08T14:06:00,P09
P09-C15,InternalAudit,2025-02-08T14:12:00,P09
P09-C16,TransactionMonitoring,2025-02-08T15:00:00,P09
P09-C16,Reconciliation,2025-02-08T15:06:00,P09
P09-C16,InternalAudit,2025-02-08T15:12:00,P09
P09-C17,TransactionMonitoring,2025-02-08T16:00:00,P09
P09-C17,Reconciliation,2025-02-08T16:06:00,P09
P09-C17,InternalAudit,2025-02-08T16:12:00,P09
P09-C18,TransactionMonitoring,2025-02-08T17:00:00,P09
P09-C18,Reconciliation,2025-02-08T17:06:00,P09
P09-C18,InternalAudit,2025-02-08T17:12:00,P09
P09-C19,TransactionMonitoring,2025-02-08T18:00:00,P09
P09-C19,Reconciliation,2025-02-08T18:06:00,P09
P09-C19,InternalAudit,2025-02-08T18:12:00,P09
P09-C20,TransactionMonitoring,2025-02-08T19:00:00,P09
P09-C20,Reconciliation,2025-02-08T19:06:00,P09
P09-C20,InternalAudit,2025-02-08T19:12:00,P09
P10-C01,FundTransfer,2025-02-08T20:00:00,P10
P10-C01,PaymentSettlement,2025-02-08T20:06:00,P10
P10-C01,CustomerNotification,2025-02-08T20:12:00,P10
P10-C02,FundTransfer,2025-02-08T21:00:00,P10
P10-C02,PaymentSettlement,2025-02-08T21:06:00,P10
P10-C02,CustomerNotification,2025-02-08T21:12:00,P10
P10-C03,FundTransfer,2025-02-08T22:00:00,P10
P10-C03,PaymentSettlement,2025-02-08T22:06:00,P10
P10-C03,CustomerNotification,2025-02-08T22:12:00,P10
P10-C04,FundTransfer,2025-02-08T23:00:00,P10
P10-C04,PaymentSettlement,2025-02-08T23:06:00,P10
P10-C04,CustomerNotification,2025-02-08T23:12:00,P10
P10-C05,FundTransfer,2025-02-09T00:00:00,P10
P10-C05,PaymentSettlement,2025-02-09T00:06:00,P10
P10-C05,CustomerNotification,2025-02-09T00:12:00,P10
P10-C06,FundTransfer,2025-02-09T01:00:00,P10
P10-C06,PaymentSettlement,2025-02-09T01:06:00,P10
P10-C06,CustomerNotification,2025-02-09T01:12:00,P10
P10-C07,FundTransfer,2025-02-09T02:00:00,P10
P10-C07,PaymentSettlement,2025-02-09T02:06:00,P10
P10-C07,CustomerNotification,2025-02-09T02:12:00,P10
P10-C08,FundTransfer,2025-02-09T03:00:00,P10
P10-C08,PaymentSettlement,2025-02-09T03:06:00,P10
P10-C08,CustomerNotification,2025-02-09T03:12:00,P10
P10-C09,FundTransfer,2025-02-09T04:00:00,P10
P10-C09,PaymentSettlement,2025-02-09T04:06:00,P10
P10-C09,CustomerNotification,2025-02-09T04:12:00,P10
P10-C10,FundTransfer,2025-02-09T05:00:00,P10
P10-C10,PaymentSettlement,2025-02-09T05:06:00,P10
P10-C10,CustomerNotification,2025-02-09T05:12:00,P10
P10-C11,FundTransfer,2025-02-09T06:00:00,P10
P10-C11,PaymentSettlement,2025-02-09T06:06:00,P10
P10-C11,CustomerNotification,2025-02-09T06:12:00,P10
P10-C12,FundTransfer,2025-02-09T07:00:00,P10
P10-C12,PaymentSettlement,2025-02-09T07:06:00,P10
P10-C12,CustomerNotification,2025-02-09T07:12:00,P10
P10-C13,FundTransfer,2025-02-09T08:00:00,P10
P10-C13,PaymentSettlement,2025-02-09T08:06:00,P10
P10-C13,CustomerNotification,2025-02-09T08:12:00,P10
P10-C14,FundTransfer,2025-02-09T09:00:00,P10
P10-C14,PaymentSettlement,2025-02-09T09:06:00,P10
P10-C14,CustomerNotification,2025-02-09T09:12:00,P10
P10-C15,FundTransfer,2025-02-09T10:00:00,P10
P10-C15,PaymentSettlement,2025-02-09T10:06:00,P10
P10-C15,CustomerNotification,2025-02-09T10:12:00,P10
P10-C16,FundTransfer,2025-02-09T11:00:00,P10
P10-C16,PaymentSettlement,2025-02-09T11:06:00,P10
P10-C16,CustomerNotification,2025-02-09T11:12:00,P10
P10-C17,FundTransfer,2025-02-09T12:00:00,P10
P10-C17,PaymentSettlement,2025-02-09T12:06:00,P10
P10-C17,CustomerNotification,2025-02-09T12:12:00,P10
P10-C18,FundTransfer,2025-02-09T13:00:00,P10
P10-C18,PaymentSettlement,2025-02-09T13:06:00,P10
P10-C18,CustomerNotification,2025-02-09T13:12:00,P10
P10-C19,FundTransfer,2025-02-09T14:00:00,P10
P10-C19,PaymentSettlement,2025-02-09T14:06:00,P10
P10-C19,CustomerNotification,2025-02-09T14:12:00,P10
P10-C20,FundTransfer,2025-02-09T15:00:00,P10
P10-C20,PaymentSettlement,2025-02-09T15:06:00,P10
P10-C20,CustomerNotification,2025-02-09T15:12:00,P10
P11-C01,LoanApplicationProcessing,2025-02-09T16:00:00,P11
P11-C01,CustomerIdentification,2025-02-09T16:06:00,P11
P11-C01,CreditScoring,2025-02-09T16:12:00,P11
P11-C01,CreditApproval,2025-02-09T16:18:00,P11
P11-C01,Disbursement,2025-02-09T16:24:00,P11
P11-C01,CustomerNotification,2025-02-09T16:30:00,P11
P11-C02,LoanApplicationProcessing,2025-02-09T17:00:00,P11
P11-C02,CustomerIdentification,2025-02-09T17:06:00,P11
P11-C02,CreditScoring,2025-02-09T17:12:00,P11
P11-C02,CreditApproval,2025-02-09T17:18:00,P11
P11-C02,Disbursement,2025-02-09T17:24:00,P11
P11-C02,CustomerNotification,2025-02-09T17:30:00,P11
P11-C03,LoanApplicationProcessing,2025-02-09T18:00:00,P11
P11-C03,CustomerIdentification,2025-02-09T18:06:00,P11
P11-C03,CreditScoring,2025-02-09T18:12:00,P11
P11-C03,CreditApproval,2025-02-09T18:18:00,P11
P11-C03,Disbursement,2025-02-09T18:24:00,P11
P11-C03,CustomerNotification,2025-02-09T18:30:00,P11
P11-C04,LoanApplicationProcessing,2025-02-09T19:00:00,P11
P11-C04,CustomerIdentification,2025-02-09T19:06:00,P11
P11-C04,CreditScoring,2025-02-09T19:12:00,P11
P11-C04,CreditApproval,2025-02-09T19:18:00,P11
P11-C04,Disbursement,2025-02-09T19:24:00,P11
P11-C04,CustomerNotification,2025-02-09T19:30:00,P11
P11-C05,LoanApplicationProcessing,2025-02-09T20:00:00,P11
P11-C05,CustomerIdentification,2025-02-09T20:06:00,P11
P11-C05,CreditScoring,2025-02-09T20:12:00,P11
P11-C05,CreditApproval,2025-02-09T20:18:00,P11
P11-C05,Disbursement,2025-02-09T20:24:00,P11
P11-C05,CustomerNotification,2025-02-09T20:30:00,P11
P11-C06,LoanApplicationProcessing,2025-02-09T21:00:00,P11
P11-C06,CustomerIdentification,2025-02-09T21:06:00,P11
P11-C06,CreditScoring,2025-02-09T21:12:00,P11
P11-C06,CreditApproval,2025-02-09T21:18:00,P11
P11-C06,Disbursement,2025-02-09T21:24:00,P11
P11-C06,CustomerNotification,2025-02-09T21:30:00,P11
P11-C07,LoanApplicationProcessing,2025-02-09T22:00:00,P11
P11-C07,CustomerIdentification,2025-02-09T22:06:00,P11
P11-C07,CreditScoring,2025-02-09T22:12:00,P11
P11-C07,CreditApproval,2025-02-09T22:18:00,P11
P11-C07,Disbursement,2025-02-09T22:24:00,P11
P11-C07,CustomerNotification,2025-02-09T22:30:00,P11
P11-C08,LoanApplicationProcessing,2025-02-09T23:00:00,P11
P11-C08,CustomerIdentification,2025-02-09T23:06:00,P11
P11-C08,CreditScoring,2025-02-09T23:12:00,P11
P11-C08,CreditApproval,2025-02-09T23:18:00,P11
P11-C08,Disbursement,2025-02-09T23:24:00,P11
P11-C08,CustomerNotification,2025-02-09T23:30:00,P11
P11-C09,LoanApplicationProcessing,2025-02-10T00:00:00,P11
P11-C09,CustomerIdentification,2025-02-10T00:06:00,P11
P11-C09,CreditScoring,2025-02-10T00:12:00,P11
P11-C09,CreditApproval,2025-02-10T00:18:00,P11
P11-C09,Disbursement,2025-02-10T00:24:00,P11
P11-C09,CustomerNotification,2025-02-10T00:30:00,P11
P11-C10,LoanApplicationProcessing,2025-02-10T01:00:00,P11
P11-C10,CustomerIdentification,2025-02-10T01:06:00,P11
P11-C10,CreditScoring,2025-02-10T01:12:00,P11
P11-C10,CreditApproval,2025-02-10T01:18:00,P11
P11-C10,Disbursement,2025-02-10T01:24:00,P11
P11-C10,CustomerNotification,2025-02-10T01:30:00,P11
P11-C11,LoanApplicationProcessing,2025-02-10T02:00:00,P11
P11-C11,CustomerIdentification,2025-02-10T02:06:00,P11
P11-C11,CreditScoring,2025-02-10T02:12:00,P11
P11-C11,CreditApproval,2025-02-10T02:18:00,P11
P11-C11,Disbursement,2025-02-10T02:24:00,P11
P11-C11,CustomerNotification,2025-02-10T02:30:00,P11
P11-C12,LoanApplicationProcessing,2025-02-10T03:00:00,P11
P11-C12,CustomerIdentification,2025-02-10T03:06:00,P11
P11-C12,CreditScoring,2025-02-10T03:12:00,P11
P11-C12,CreditApproval,2025-02-10T03:18:00,P11
P11-C12,Disbursement,2025-02-10T03:24:00,P11
P11-C12,CustomerNotification,2025-02-10T03:30:00,P11
P11-C13,LoanApplicationProcessing,2025-02-10T04:00:00,P11
P11-C13,CustomerIdentification,2025-02-10T04:06:00,P11
P11-C13,CreditScoring,2025-02-10T04:12:00,P11
P11-C13,CreditApproval,2025-02-10T04:18:00,P11
P11-C13,Disbursement,2025-02-10T04:24:00,P11
P11-C13,CustomerNotification,2025-02-10T04:30:00,P11
P11-C14,LoanApplicationProcessing,2025-02-10T05:00:00,P11
P11-C14,CustomerIdentification,2025-02-10T05:06:00,P11
P11-C14,CreditScoring,2025-02-10T05:12:00,P11
P11-C14,CreditApproval,2025-02-10T05:18:00,P11
P11-C14,Disbursement,2025-02-10T05:24:00,P11
P11-C14,CustomerNotification,2025-02-10T05:30:00,P11
P11-C15,LoanApplicationProcessing,2025-02-10T06:00:00,P11
P11-C15,CustomerIdentification,2025-02-10T06:06:00,P11
P11-C15,CreditScoring,2025-02-10T06:12:00,P11
P11-C15,CreditApproval,2025-02-10T06:18:00,P11
P11-C15,Disbursement,2025-02-10T06:24:00,P11
P11-C15,CustomerNotification,2025-02-10T06:30:00,P11
P11-C16,LoanApplicationProcessing,2025-02-10T07:00:00,P11
P11-C16,CustomerIdentification,2025-02-10T07:06:00,P11
P11-C16,CreditScoring,2025-02-10T07:12:00,P11
P11-C16,CreditApproval,2025-02-10T07:18:00,P11
P11-C16,Disbursement,2025-02-10T07:24:00,P11
P11-C16,CustomerNotification,2025-02-10T07:30:00,P11
P11-C17,LoanApplicationProcessing,2025-02-10T08:00:00,P11
P11-C17,CustomerIdentification,2025-02-10T08:06:00,P11
P11-C17,CreditScoring,2025-02-10T08:12:00,P11
P11-C17,CreditApproval,2025-02-10T08:18:00,P11
P11-C17,Disbursement,2025-02-10T08:24:00,P11
P11-C17,CustomerNotification,2025-02-10T08:30:00,P11
P11-C18,LoanApplicationProcessing,2025-02-10T09:00:00,P11
P11-C18,CustomerIdentification,2025-02-10T09:06:00,P11
P11-C18,CreditScoring,2025-02-10T09:12:00,P11
P11-C18,CreditApproval,2025-02-10T09:18:00,P11
P11-C18,Disbursement,2025-02-10T09:24:00,P11
P11-C18,CustomerNotification,2025-02-10T09:30:00,P11
P11-C19,LoanApplicationProcessing,2025-02-10T10:00:00,P11
P11-C19,CustomerIdentification,2025-02-10T10:06:00,P11
P11-C19,CreditScoring,2025-02-10T10:12:00,P11
P11-C19,CreditApproval,2025-02-10T10:18:00,P11
P11-C19,Disbursement,2025-02-10T10:24:00,P11
P11-C19,CustomerNotification,2025-02-10T10:30:00,P11
P11-C20,LoanApplicationProcessing,2025-02-10T11:00:00,P11
P11-C20,CustomerIdentification,2025-02-10T11:06:00,P11
P11-C20,CreditScoring,2025-02-10T11:12:00,P11
P11-C20,CreditApproval,2025-02-10T11:18:00,P11
P11-C20,Disbursement,2025-02-10T11:24:00,P11
P11-C20,CustomerNotification,2025-02-10T11:30:00,P11
P12-C01,LoanApplicationProcessing,2025-02-10T12:00:00,P12
P12-C01,CustomerIdentification,2025-02-10T12:06:00,P12
P12-C01,CreditScoring,2025-02-10T12:12:00,P12
P12-C01,CreditApproval,2025-02-10T12:18:00,P12
P12-C01,CollateralValuation,2025-02-10T12:24:00,P12
P12-C01,Disbursement,2025-02-10T12:30:00,P12
P12-C02,LoanApplicationProcessing,2025-02-10T13:00:00,P12
P12-C02,CustomerIdentification,2025-02-10T13:06:00,P12
P12-C02,CreditScoring,2025-02-10T13:12:00,P12
P12-C02,CreditApproval,2025-02-10T13:18:00,P12
P12-C02,CollateralValuation,2025-02-10T13:24:00,P12
P12-C02,Disbursement,2025-02-10T13:30:00,P12
P12-C03,LoanApplicationProcessing,2025-02-10T14:00:00,P12
P12-C03,CustomerIdentification,2025-02-10T14:06:00,P12
P12-C03,CreditScoring,2025-02-10T14:12:00,P12
P12-C03,CreditApproval,2025-02-10T14:18:00,P12
P12-C03,CollateralValuation,2025-02-10T14:24:00,P12
P12-C03,Disbursement,2025-02-10T14:30:00,P12
P12-C04,LoanApplicationProcessing,2025-02-10T15:00:00,P12
P12-C04,CustomerIdentification,2025-02-10T15:06:00,P12
P12-C04,CreditScoring,2025-02-10T15:12:00,P12
P12-C04,CreditApproval,2025-02-10T15:18:00,P12
P12-C04,CollateralValuation,2025-02-10T15:24:00,P12
P12-C04,Disbursement,2025-02-10T15:30:00,P12
P12-C05,LoanApplicationProcessing,2025-02-10T16:00:00,P12
P12-C05,CustomerIdentification,2025-02-10T16:06:00,P12
P12-C05,CreditScoring,2025-02-10T16:12:00,P12
P12-C05,CreditApproval,2025-02-10T16:18:00,P12
P12-C05,CollateralValuation,2025-02-10T16:24:00,P12
P12-C05,Disbursement,2025-02-10T16:30:00,P12
P12-C06,LoanApplicationProcessing,2025-02-10T17:00:00,P12
P12-C06,CustomerIdentification,2025-02-10T17:06:00,P12
P12-C06,CreditScoring,2025-02-10T17:12:00,P12
P12-C06,CreditApproval,2025-02-10T17:18:00,P12
P12-C06,CollateralValuation,2025-02-10T17:24:00,P12
P12-C06,Disbursement,2025-02-10T17:30:00,P12
P12-C07,LoanApplicationProcessing,2025-02-10T18:00:00,P12
P12-C07,CustomerIdentification,2025-02-10T18:06:00,P12
P12-C07,CreditScoring,2025-02-10T18:12:00,P12
P12-C07,CreditApproval,2025-02-10T18:18:00,P12
P12-C07,CollateralValuation,2025-02-10T18:24:00,P12
P12-C07,Disbursement,2025-02-10T18:30:00,P12
P12-C08,LoanApplicationProcessing,2025-02-10T19:00:00,P12
P12-C08,CustomerIdentification,2025-02-10T19:06:00,P12
P12-C08,CreditScoring,2025-02-10T19:12:00,P12
P12-C08,CreditApproval,2025-02-10T19:18:00,P12
P12-C08,CollateralValuation,2025-02-10T19:24:00,P12
P12-C08,Disbursement,2025-02-10T19:30:00,P12
P12-C09,LoanApplicationProcessing,2025-02-10T20:00:00,P12
P12-C09,CustomerIdentification,2025-02-10T20:06:00,P12
P12-C09,CreditScoring,2025-02-10T20:12:00,P12
P12-C09,CreditApproval,2025-02-10T20:18:00,P12
P12-C09,CollateralValuation,2025-02-10T20:24:00,P12
P12-C09,Disbursement,2025-02-10T20:30:00,P12
P12-C10,LoanApplicationProcessing,2025-02-10T21:00:00,P12
P12-C10,CustomerIdentification,2025-02-10T21:06:00,P12
P12-C10,CreditScoring,2025-02-10T21:12:00,P12
P12-C10,CreditApproval,2025-02-10T21:18:00,P12
P12-C10,CollateralValuation,2025-02-10T21:24:00,P12
P12-C10,Disbursement,2025-02-10T21:30:00,P12
P12-C11,LoanApplicationProcessing,2025-02-10T22:00:00,P12
P12-C11,CustomerIdentification,2025-02-10T22:06:00,P12
P12-C11,CreditScoring,2025-02-10T22:12:00,P12
P12-C11,CreditApproval,2025-02-10T22:18:00,P12
P12-C11,CollateralValuation,2025-02-10T22:24:00,P12
P12-C11,Disbursement,2025-02-10T22:30:00,P12
P12-C12,LoanApplicationProcessing,2025-02-10T23:00:00,P12
P12-C12,CustomerIdentification,2025-02-10T23:06:00,P12
P12-C12,CreditScoring,2025-02-10T23:12:00,P12
P12-C12,CreditApproval,2025-02-10T23:18:00,P12
P12-C12,CollateralValuation,2025-02-10T23:24:00,P12
P12-C12,Disbursement,2025-02-10T23:30:00,P12
P12-C13,LoanApplicationProcessing,2025-02-11T00:00:00,P12
P12-C13,CustomerIdentification,2025-02-11T00:06:00,P12
P12-C13,CreditScoring,2025-02-11T00:12:00,P12
P12-C13,CreditApproval,2025-02-11T00:18:00,P12
P12-C13,CollateralValuation,2025-02-11T00:24:00,P12
P12-C13,Disbursement,2025-02-11T00:30:00,P12
P12-C14,LoanApplicationProcessing,2025-02-11T01:00:00,P12
P12-C14,CustomerIdentification,2025-02-11T01:06:00,P12
P12-C14,CreditScoring,2025-02-11T01:12:00,P12
P12-C14,CreditApproval,2025-02-11T01:18:00,P12
P12-C14,CollateralValuation,2025-02-11T01:24:00,P12
P12-C14,Disbursement,2025-02-11T01:30:00,P12
P12-C15,LoanApplicationProcessing,2025-02-11T02:00:00,P12
P12-C15,CustomerIdentification,2025-02-11T02:06:00,P12
P12-C15,CreditScoring,2025-02-11T02:12:00,P12
P12-C15,CreditApproval,2025-02-11T02:18:00,P12
P12-C15,CollateralValuation,2025-02-11T02:24:00,P12
P12-C15,Disbursement,2025-02-11T02:30:00,P12
P12-C16,LoanApplicationProcessing,2025-02-11T03:00:00,P12
P12-C16,CustomerIdentification,2025-02-11T03:06:00,P12
P12-C16,CreditScoring,2025-02-11T03:12:00,P12
P12-C16,CreditApproval,2025-02-11T03:18:00,P12
P12-C16,CollateralValuation,2025-02-11T03:24:00,P12
P12-C16,Disbursement,2025-02-11T03:30:00,P12
P12-C17,LoanApplicationProcessing,2025-02-11T04:00:00,P12
P12-C17,CustomerIdentification,2025-02-11T04:06:00,P12
P12-C17,CreditScoring,2025-02-11T04:12:00,P12
P12-C17,CreditApproval,2025-02-11T04:18:00,P12
P12-C17,CollateralValuation,2025-02-11T04:24:00,P12
P12-C17,Disbursement,2025-02-11T04:30:00,P12
P12-C18,LoanApplicationProcessing,2025-02-11T05:00:00,P12
P12-C18,CustomerIdentification,2025-02-11T05:06:00,P12
P12-C18,CreditScoring,2025-02-11T05:12:00,P12
P12-C18,CreditApproval,2025-02-11T05:18:00,P12
P12-C18,CollateralValuation,2025-02-11T05:24:00,P12
P12-C18,Disbursement,2025-02-11T05:30:00,P12
P12-C19,LoanApplicationProcessing,2025-02-11T06:00:00,P12
P12-C19,CustomerIdentification,2025-02-11T06:06:00,P12
P12-C19,CreditScoring,2025-02-11T06:12:00,P12
P12-C19,CreditApproval,2025-02-11T06:18:00,P12
P12-C19,CollateralValuation,2025-02-11T06:24:00,P12
P12-C19,Disbursement,2025-02-11T06:30:00,P12
P12-C20,LoanApplicationProcessing,2025-02-11T07:00:00,P12
P12-C20,CustomerIdentification,2025-02-11T07:06:00,P12
P12-C20,CreditScoring,2025-02-11T07:12:00,P12
P12-C20,CreditApproval,2025-02-11T07:18:00,P12
P12-C20,CollateralValuation,2025-02-11T07:24:00,P12
P12-C20,Disbursement,2025-02-11T07:30:00,P12
P13-C01,ForeignExchange,2025-02-11T08:00:00,P13
P13-C01,TransactionMonitoring,2025-02-11T08:06:00,P13
P13-C01,AMLScreening,2025-02-11T08:12:00,P13
P13-C01,Reconciliation,2025-02-11T08:18:00,P13
P13-C02,ForeignExchange,2025-02-11T09:00:00,P13
P13-C02,TransactionMonitoring,2025-02-11T09:06:00,P13
P13-C02,AMLScreening,2025-02-11T09:12:00,P13
P13-C02,Reconciliation,2025-02-11T09:18:00,P13
P13-C03,ForeignExchange,2025-02-11T10:00:00,P13
P13-C03,TransactionMonitoring,2025-02-11T10:06:00,P13
P13-C03,AMLScreening,2025-02-11T10:12:00,P13
P13-C03,Reconciliation,2025-02-11T10:18:00,P13
P13-C04,ForeignExchange,2025-02-11T11:00:00,P13
P13-C04,TransactionMonitoring,2025-02-11T11:06:00,P13
P13-C04,AMLScreening,2025-02-11T11:12:00,P13
P13-C04,Reconciliation,2025-02-11T11:18:00,P13
P13-C05,ForeignExchange,2025-02-11T12:00:00,P13
P13-C05,TransactionMonitoring,2025-02-11T12:06:00,P13
P13-C05,AMLScreening,2025-02-11T12:12:00,P13
P13-C05,Reconciliation,2025-02-11T12:18:00,P13
P13-C06,ForeignExchange,2025-02-11T13:00:00,P13
P13-C06,TransactionMonitoring,2025-02-11T13:06:00,P13
P13-C06,AMLScreening,2025-02-11T13:12:00,P13
P13-C06,Reconciliation,2025-02-11T13:18:00,P13
P13-C07,ForeignExchange,2025-02-11T14:00:00,P13
P13-C07,TransactionMonitoring,2025-02-11T14:06:00,P13
P13-C07,AMLScreening,2025-02-11T14:12:00,P13
P13-C07,Reconciliation,2025-02-11T14:18:00,P13
P13-C08,ForeignExchange,2025-02-11T15:00:00,P13
P13-C08,TransactionMonitoring,2025-02-11T15:06:00,P13
P13-C08,AMLScreening,2025-02-11T15:12:00,P13
P13-C08,Reconciliation,2025-02-11T15:18:00,P13
P13-C09,ForeignExchange,2025-02-11T16:00:00,P13
P13-C09,TransactionMonitoring,2025-02-11T16:06:00,P13
P13-C09,AMLScreening,2025-02-11T16:12:00,P13
P13-C09,Reconciliation,2025-02-11T16:18:00,P13
P13-C10,ForeignExchange,2025-02-11T17:00:00,P13
P13-C10,TransactionMonitoring,2025-02-11T17:06:00,P13
P13-C10,AMLScreening,2025-02-11T17:12:00,P13
P13-C10,Reconciliation,2025-02-11T17:18:00,P13
P13-C11,ForeignExchange,2025-02-11T18:00:00,P13
P13-C11,TransactionMonitoring,2025-02-11T18:06:00,P13
P13-C11,AMLScreening,2025-02-11T18:12:00,P13
P13-C11,Reconciliation,2025-02-11T18:18:00,P13
P13-C12,ForeignExchange,2025-02-11T19:00:00,P13
P13-C12,TransactionMonitoring,2025-02-11T19:06:00,P13
P13-C12,AMLScreening,2025-02-11T19:12:00,P13
P13-C12,Reconciliation,2025-02-11T19:18:00,P13
P13-C13,ForeignExchange,2025-02-11T20:00:00,P13
P13-C13,TransactionMonitoring,2025-02-11T20:06:00,P13
P13-C13,AMLScreening,2025-02-11T20:12:00,P13
P13-C13,Reconciliation,2025-02-11T20:18:00,P13
P13-C14,ForeignExchange,2025-02-11T21:00:00,P13
P13-C14,TransactionMonitoring,2025-02-11T21:06:00,P13
P13-C14,AMLScreening,2025-02-11T21:12:00,P13
P13-C14,Reconciliation,2025-02-11T21:18:00,P13
P13-C15,ForeignExchange,2025-02-11T22:00:00,P13
P13-C15,TransactionMonitoring,2025-02-11T22:06:00,P13
P13-C15,AMLScreening,2025-02-11T22:12:00,P13
P13-C15,Reconciliation,2025-02-11T22:18:00,P13
P13-C16,ForeignExchange,2025-02-11T23:00:00,P13
P13-C16,TransactionMonitoring,2025-02-11T23:06:00,P13
P13-C16,AMLScreening,2025-02-11T23:12:00,P13
P13-C16,Reconciliation,2025-02-11T23:18:00,P13
P13-C17,ForeignExchange,2025-02-12T00:00:00,P13
P13-C17,TransactionMonitoring,2025-02-12T00:06:00,P13
P13-C17,AMLScreening,2025-02-12T00:12:00,P13
P13-C17,Reconciliation,2025-02-12T00:18:00,P13
P13-C18,ForeignExchange,2025-02-12T01:00:00,P13
P13-C18,TransactionMonitoring,2025-02-12T01:06:00,P13
P13-C18,AMLScreening,2025-02-12T01:12:00,P13
P13-C18,Reconciliation,2025-02-12T01:18:00,P13
P13-C19,ForeignExchange,2025-02-12T02:00:00,P13
P13-C19,TransactionMonitoring,2025-02-12T02:06:00,P13
P13-C19,AMLScreening,2025-02-12T02:12:00,P13
P13-C19,Reconciliation,2025-02-12T02:18:00,P13
P13-C20,ForeignExchange,2025-02-12T03:00:00,P13
P13-C20,TransactionMonitoring,2025-02-12T03:06:00,P13
P13-C20,AMLScreening,2025-02-12T03:12:00,P13
P13-C20,Reconciliation,2025-02-12T03:18:00,P13
P14-C01,CustomerIdentification,2025-02-12T04:00:00,P14
P14-C01,RiskProfileAssessment,2025-02-12T04:06:00,P14
P14-C01,AccountOpening,2025-02-12T04:12:00,P14
P14-C01,CardIssuance,2025-02-12T04:18:00,P14
P14-C02,CustomerIdentification,2025-02-12T05:00:00,P14
P14-C02,RiskProfileAssessment,2025-02-12T05:06:00,P14
P14-C02,AccountOpening,2025-02-12T05:12:00,P14
P14-C02,CardIssuance,2025-02-12T05:18:00,P14
P14-C03,CustomerIdentification,2025-02-12T06:00:00,P14
P14-C03,RiskProfileAssessment,2025-02-12T06:06:00,P14
P14-C03,AccountOpening,2025-02-12T06:12:00,P14
P14-C03,CardIssuance,2025-02-12T06:18:00,P14
P14-C04,CustomerIdentification,2025-02-12T07:00:00,P14
P14-C04,RiskProfileAssessment,2025-02-12T07:06:00,P14
P14-C04,AccountOpening,2025-02-12T07:12:00,P14
P14-C04,CardIssuance,2025-02-12T07:18:00,P14
P14-C05,CustomerIdentification,2025-02-12T08:00:00,P14
P14-C05,RiskProfileAssessment,2025-02-12T08:06:00,P14
P14-C05,AccountOpening,2025-02-12T08:12:00,P14
P14-C05,CardIssuance,2025-02-12T08:18:00,P14
P14-C06,CustomerIdentification,2025-02-12T09:00:00,P14
P14-C06,RiskProfileAssessment,2025-02-12T09:06:00,P14
P14-C06,AccountOpening,2025-02-12T09:12:00,P14
P14-C06,CardIssuance,2025-02-12T09:18:00,P14
P14-C07,CustomerIdentification,2025-02-12T10:00:00,P14
P14-C07,RiskProfileAssessment,2025-02-12T10:06:00,P14
P14-C07,AccountOpening,2025-02-12T10:12:00,P14
P14-C07,CardIssuance,2025-02-12T10:18:00,P14
P14-C08,CustomerIdentification,2025-02-12T11:00:00,P14
P14-C08,RiskProfileAssessment,2025-02-12T11:06:00,P14
P14-C08,AccountOpening,2025-02-12T11:12:00,P14
P14-C08,CardIssuance,2025-02-12T11:18:00,P14
P14-C09,CustomerIdentification,2025-02-12T12:00:00,P14
P14-C09,RiskProfileAssessment,2025-02-12T12:06:00,P14
P14-C09,AccountOpening,2025-02-12T12:12:00,P14
P14-C09,CardIssuance,2025-02-12T12:18:00,P14
P14-C10,CustomerIdentification,2025-02-12T13:00:00,P14
P14-C10,RiskProfileAssessment,2025-02-12T13:06:00,P14
P14-C10,AccountOpening,2025-02-12T13:12:00,P14
P14-C10,CardIssuance,2025-02-12T13:18:00,P14
P14-C11,CustomerIdentification,2025-02-12T14:00:00,P14
P14-C11,RiskProfileAssessment,2025-02-12T14:06:00,P14
P14-C11,AccountOpening,2025-02-12T14:12:00,P14
P14-C11,CardIssuance,2025-02-12T14:18:00,P14
P14-C12,CustomerIdentification,2025-02-12T15:00:00,P14
P14-C12,RiskProfileAssessment,2025-02-12T15:06:00,P14
P14-C12,AccountOpening,2025-02-12T15:12:00,P14
P14-C12,CardIssuance,2025-02-12T15:18:00,P14
P14-C13,CustomerIdentification,2025-02-12T16:00:00,P14
P14-C13,RiskProfileAssessment,2025-02-12T16:06:00,P14
P14-C13,AccountOpening,2025-02-12T16:12:00,P14
P14-C13,CardIssuance,2025-02-12T16:18:00,P14
P14-C14,CustomerIdentification,2025-02-12T17:00:00,P14
P14-C14,RiskProfileAssessment,2025-02-12T17:06:00,P14
P14-C14,AccountOpening,2025-02-12T17:12:00,P14
P14-C14,CardIssuance,2025-02-12T17:18:00,P14
P14-C15,CustomerIdentification,2025-02-12T18:00:00,P14
P14-C15,RiskProfileAssessment,2025-02-12T18:06:00,P14
P14-C15,AccountOpening,2025-02-12T18:12:00,P14
P14-C15,CardIssuance,2025-02-12T18:18:00,P14
P14-C16,CustomerIdentification,2025-02-12T19:00:00,P14
P14-C16,RiskProfileAssessment,2025-02-12T19:06:00,P14
P14-C16,AccountOpening,2025-02-12T19:12:00,P14
P14-C16,CardIssuance,2025-02-12T19:18:00,P14
P14-C17,CustomerIdentification,2025-02-12T20:00:00,P14
P14-C17,RiskProfileAssessment,2025-02-12T20:06:00,P14
P14-C17,AccountOpening,2025-02-12T20:12:00,P14
P14-C17,CardIssuance,2025-02-12T20:18:00,P14
P14-C18,CustomerIdentification,2025-02-12T21:00:00,P14
P14-C18,RiskProfileAssessment,2025-02-12T21:06:00,P14
P14-C18,AccountOpening,2025-02-12T21:12:00,P14
P14-C18,CardIssuance,2025-02-12T21:18:00,P14
P14-C19,CustomerIdentification,2025-02-12T22:00:00,P14
P14-C19,RiskProfileAssessment,2025-02-12T22:06:00,P14
P14-C19,AccountOpening,2025-02-12T22:12:00,P14
P14-C19,CardIssuance,2025-02-12T22:18:00,P14
P14-C20,CustomerIdentification,2025-02-12T23:00:00,P14
P14-C20,RiskProfileAssessment,2025-02-12T23:06:00,P14
P14-C20,AccountOpening,2025-02-12T23:12:00,P14
P14-C20,CardIssuance,2025-02-12T23:18:00,P14
P15-C01,LetterOfCreditIssuance,2025-02-13T00:00:00,P15
P15-C01,Disbursement,2025-02-13T00:06:00,P15
P15-C02,LetterOfCreditIssuance,2025-02-13T01:00:00,P15
P15-C02,Disbursement,2025-02-13T01:06:00,P15
P15-C03,LetterOfCreditIssuance,2025-02-13T02:00:00,P15
P15-C03,Disbursement,2025-02-13T02:06:00,P15
P15-C04,LetterOfCreditIssuance,2025-02-13T03:00:00,P15
P15-C04,Disbursement,2025-02-13T03:06:00,P15
P15-C05,LetterOfCreditIssuance,2025-02-13T04:00:00,P15
P15-C05,Disbursement,2025-02-13T04:06:00,P15
P15-C06,LetterOfCreditIssuance,2025-02-13T05:00:00,P15
P15-C06,Disbursement,2025-02-13T05:06:00,P15
P15-C07,LetterOfCreditIssuance,2025-02-13T06:00:00,P15
P15-C07,Disbursement,2025-02-13T06:06:00,P15
P15-C08,LetterOfCreditIssuance,2025-02-13T07:00:00,P15
P15-C08,Disbursement,2025-02-13T07:06:00,P15
P15-C09,LetterOfCreditIssuance,2025-02-13T08:00:00,P15
P15-C09,Disbursement,2025-02-13T08:06:00,P15
P15-C10,LetterOfCreditIssuance,2025-02-13T09:00:00,P15
P15-C10,Disbursement,2025-02-13T09:06:00,P15
P15-C11,LetterOfCreditIssuance,2025-02-13T10:00:00,P15
P15-C11,Disbursement,2025-02-13T10:06:00,P15
P15-C12,LetterOfCreditIssuance,2025-02-13T11:00:00,P15
P15-C12,Disbursement,2025-02-13T11:06:00,P15
P15-C13,LetterOfCreditIssuance,2025-02-13T12:00:00,P15
P15-C13,Disbursement,2025-02-13T12:06:00,P15
P15-C14,LetterOfCreditIssuance,2025-02-13T13:00:00,P15
P15-C14,Disbursement,2025-02-13T13:06:00,P15
P15-C15,LetterOfCreditIssuance,2025-02-13T14:00:00,P15
P15-C15,Disbursement,2025-02-13T14:06:00,P15
P15-C16,LetterOfCreditIssuance,2025-02-13T15:00:00,P15
P15-C16,Disbursement,2025-02-13T15:06:00,P15
P15-C17,LetterOfCreditIssuance,2025-02-13T16:00:00,P15
P15-C17,Disbursement,2025-02-13T16:06:00,P15
P15-C18,LetterOfCreditIssuance,2025-02-13T17:00:00,P15
P15-C18,Disbursement,2025-02-13T17:06:00,P15
P15-C19,LetterOfCreditIssuance,2025-02-13T18:00:00,P15
P15-C19,Disbursement,2025-02-13T18:06:00,P15
P15-C20,LetterOfCreditIssuance,2025-02-13T19:00:00,P15
P15-C20,Disbursement,2025-02-13T19:06:00,P15
P16-C01,CashDepositWithdrawal,2025-02-13T20:00:00,P16
P16-C01,AMLScreening,2025-02-13T20:06:00,P16
P16-C01,TransactionMonitoring,2025-02-13T20:12:00,P16
P16-C01,Reconciliation,2025-02-13T20:18:00,P16
P16-C01,InternalAudit,2025-02-13T20:24:00,P16
P16-C02,CashDepositWithdrawal,2025-02-13T21:00:00,P16
P16-C02,AMLScreening,2025-02-13T21:06:00,P16
P16-C02,TransactionMonitoring,2025-02-13T21:12:00,P16
P16-C02,Reconciliation,2025-02-13T21:18:00,P16
P16-C02,InternalAudit,2025-02-13T21:24:00,P16
P16-C03,CashDepositWithdrawal,2025-02-13T22:00:00,P16
P16-C03,AMLScreening,2025-02-13T22:06:00,P16
P16-C03,TransactionMonitoring,2025-02-13T22:12:00,P16
P16-C03,Reconciliation,2025-02-13T22:18:00,P16
P16-C03,InternalAudit,2025-02-13T22:24:00,P16
P16-C04,CashDepositWithdrawal,2025-02-13T23:00:00,P16
P16-C04,AMLScreening,2025-02-13T23:06:00,P16
P16-C04,TransactionMonitoring,2025-02-13T23:12:00,P16
P16-C04,Reconciliation,2025-02-13T23:18:00,P16
P16-C04,InternalAudit,2025-02-13T23:24:00,P16
P16-C05,CashDepositWithdrawal,2025-02-14T00:00:00,P16
P16-C05,AMLScreening,2025-02-14T00:06:00,P16
P16-C05,TransactionMonitoring,2025-02-14T00:12:00,P16
P16-C05,Reconciliation,2025-02-14T00:18:00,P16
P16-C05,InternalAudit,2025-02-14T00:24:00,P16
P16-C06,CashDepositWithdrawal,2025-02-14T01:00:00,P16
P16-C06,AMLScreening,2025-02-14T01:06:00,P16
P16-C06,TransactionMonitoring,2025-02-14T01:12:00,P16
P16-C06,Reconciliation,2025-02-14T01:18:00,P16
P16-C06,InternalAudit,2025-02-14T01:24:00,P16
P16-C07,CashDepositWithdrawal,2025-02-14T02:00:00,P16
P16-C07,AMLScreening,2025-02-14T02:06:00,P16
P16-C07,TransactionMonitoring,2025-02-14T02:12:00,P16
P16-C07,Reconciliation,2025-02-14T02:18:00,P16
P16-C07,InternalAudit,2025-02-14T02:24:00,P16
P16-C08,CashDepositWithdrawal,2025-02-14T03:00:00,P16
P16-C08,AMLScreening,2025-02-14T03:06:00,P16
P16-C08,TransactionMonitoring,2025-02-14T03:12:00,P16
P16-C08,Reconciliation,2025-02-14T03:18:00,P16
P16-C08,InternalAudit,2025-02-14T03:24:00,P16
P16-C09,CashDepositWithdrawal,2025-02-14T04:00:00,P16
P16-C09,AMLScreening,2025-02-14T04:06:00,P16
P16-C09,TransactionMonitoring,2025-02-14T04:12:00,P16
P16-C09,Reconciliation,2025-02-14T04:18:00,P16
P16-C09,InternalAudit,2025-02-14T04:24:00,P16
P16-C10,CashDepositWithdrawal,2025-02-14T05:00:00,P16
P16-C10,AMLScreening,2025-02-14T05:06:00,P16
P16-C10,TransactionMonitoring,2025-02-14T05:12:00,P16
P16-C10,Reconciliation,2025-02-14T05:18:00,P16
P16-C10,InternalAudit,2025-02-14T05:24:00,P16
P16-C11,CashDepositWithdrawal,2025-02-14T06:00:00,P16
P16-C11,AMLScreening,2025-02-14T06:06:00,P16
P16-C11,TransactionMonitoring,2025-02-14T06:12:00,P16
P16-C11,Reconciliation,2025-02-14T06:18:00,P16
P16-C11,InternalAudit,2025-02-14T06:24:00,P16
P16-C12,CashDepositWithdrawal,2025-02-14T07:00:00,P16
P16-C12,AMLScreening,2025-02-14T07:06:00,P16
P16-C12,TransactionMonitoring,2025-02-14T07:12:00,P16
P16-C12,Reconciliation,2025-02-14T07:18:00,P16
P16-C12,InternalAudit,2025-02-14T07:24:00,P16
P16-C13,CashDepositWithdrawal,2025-02-14T08:00:00,P16
P16-C13,AMLScreening,2025-02-14T08:06:00,P16
P16-C13,TransactionMonitoring,2025-02-14T08:12:00,P16
P16-C13,Reconciliation,2025-02-14T08:18:00,P16
P16-C13,InternalAudit,2025-02-14T08:24:00,P16
P16-C14,CashDepositWithdrawal,2025-02-14T09:00:00,P16
P16-C14,AMLScreening,2025-02-14T09:06:00,P16
P16-C14,TransactionMonitoring,2025-02-14T09:12:00,P16
P16-C14,Reconciliation,2025-02-14T09:18:00,P16
P16-C14,InternalAudit,2025-02-14T09:24:00,P16
P16-C15,CashDepositWithdrawal,2025-02-14T10:00:00,P16
P16-C15,AMLScreening,2025-02-14T10:06:00,P16
P16-C15,TransactionMonitoring,2025-02-14T10:12:00,P16
P16-C15,Reconciliation,2025-02-14T10:18:00,P16
P16-C15,InternalAudit,2025-02-14T10:24:00,P16
P16-C16,CashDepositWithdrawal,2025-02-14T11:00:00,P16
P16-C16,AMLScreening,2025-02-14T11:06:00,P16
P16-C16,TransactionMonitoring,2025-02-14T11:12:00,P16
P16-C16,Reconciliation,2025-02-14T11:18:00,P16
P16-C16,InternalAudit,2025-02-14T11:24:00,P16
P16-C17,CashDepositWithdrawal,2025-02-14T12:00:00,P16
P16-C17,AMLScreening,2025-02-14T12:06:00,P16
P16-C17,TransactionMonitoring,2025-02-14T12:12:00,P16
P16-C17,Reconciliation,2025-02-14T12:18:00,P16
P16-C17,InternalAudit,2025-02-14T12:24:00,P16
P16-C18,CashDepositWithdrawal,2025-02-14T13:00:00,P16
P16-C18,AMLScreening,2025-02-14T13:06:00,P16
P16-C18,TransactionMonitoring,2025-02-14T13:12:00,P16
P16-C18,Reconciliation,2025-02-14T13:18:00,P16
P16-C18,InternalAudit,2025-02-14T13:24:00,P16
P16-C19,CashDepositWithdrawal,2025-02-14T14:00:00,P16
P16-C19,AMLScreening,2025-02-14T14:06:00,P16
P16-C19,TransactionMonitoring,2025-02-14T14:12:00,P16
P16-C19,Reconciliation,2025-02-14T14:18:00,P16
P16-C19,InternalAudit,2025-02-14T14:24:00,P16
P16-C20,CashDepositWithdrawal,2025-02-14T15:00:00,P16
P16-C20,AMLScreening,2025-02-14T15:06:00,P16
P16-C20,TransactionMonitoring,2025-02-14T15:12:00,P16
P16-C20,Reconciliation,2025-02-14T15:18:00,P16
P16-C20,InternalAudit,2025-02-14T15:24:00,P16
P17-C01,LoanApplicationProcessing,2025-02-14T16:00:00,P17
P17-C01,CustomerIdentification,2025-02-14T16:06:00,P17
P17-C01,CreditScoring,2025-02-14T16:12:00,P17
P17-C01,CreditScoring,2025-02-14T16:18:00,P17
P17-C01,CreditApproval,2025-02-14T16:24:00,P17
P17-C01,Disbursement,2025-02-14T16:30:00,P17
P17-C02,LoanApplicationProcessing,2025-02-14T17:00:00,P17
P17-C02,CustomerIdentification,2025-02-14T17:06:00,P17
P17-C02,CreditScoring,2025-02-14T17:12:00,P17
P17-C02,CreditScoring,2025-02-14T17:18:00,P17
P17-C02,CreditApproval,2025-02-14T17:24:00,P17
P17-C02,Disbursement,2025-02-14T17:30:00,P17
P17-C03,LoanApplicationProcessing,2025-02-14T18:00:00,P17
P17-C03,CustomerIdentification,2025-02-14T18:06:00,P17
P17-C03,CreditScoring,2025-02-14T18:12:00,P17
P17-C03,CreditScoring,2025-02-14T18:18:00,P17
P17-C03,CreditApproval,2025-02-14T18:24:00,P17
P17-C03,Disbursement,2025-02-14T18:30:00,P17
P17-C04,LoanApplicationProcessing,2025-02-14T19:00:00,P17
P17-C04,CustomerIdentification,2025-02-14T19:06:00,P17
P17-C04,CreditScoring,2025-02-14T19:12:00,P17
P17-C04,CreditScoring,2025-02-14T19:18:00,P17
P17-C04,CreditApproval,2025-02-14T19:24:00,P17
P17-C04,Disbursement,2025-02-14T19:30:00,P17
P17-C05,LoanApplicationProcessing,2025-02-14T20:00:00,P17
P17-C05,CustomerIdentification,2025-02-14T20:06:00,P17
P17-C05,CreditScoring,2025-02-14T20:12:00,P17
P17-C05,CreditScoring,2025-02-14T20:18:00,P17
P17-C05,CreditApproval,2025-02-14T20:24:00,P17
P17-C05,Disbursement,2025-02-14T20:30:00,P17
P17-C06,LoanApplicationProcessing,2025-02-14T21:00:00,P17
P17-C06,CustomerIdentification,2025-02-14T21:06:00,P17
P17-C06,CreditScoring,2025-02-14T21:12:00,P17
P17-C06,CreditScoring,2025-02-14T21:18:00,P17
P17-C06,CreditApproval,2025-02-14T21:24:00,P17
P17-C06,Disbursement,2025-02-14T21:30:00,P17
P17-C07,LoanApplicationProcessing,2025-02-14T22:00:00,P17
P17-C07,CustomerIdentification,2025-02-14T22:06:00,P17
P17-C07,CreditScoring,2025-02-14T22:12:00,P17
P17-C07,CreditScoring,2025-02-14T22:18:00,P17
P17-C07,CreditApproval,2025-02-14T22:24:00,P17
P17-C07,Disbursement,2025-02-14T22:30:00,P17
P17-C08,LoanApplicationProcessing,2025-02-14T23:00:00,P17
P17-C08,CustomerIdentification,2025-02-14T23:06:00,P17
P17-C08,CreditScoring,2025-02-14T23:12:00,P17
P17-C08,CreditScoring,2025-02-14T23:18:00,P17
P17-C08,CreditApproval,2025-02-14T23:24:00,P17
P17-C08,Disbursement,2025-02-14T23:30:00,P17
P17-C09,LoanApplicationProcessing,2025-02-15T00:00:00,P17
P17-C09,CustomerIdentification,2025-02-15T00:06:00,P17
P17-C09,CreditScoring,2025-02-15T00:12:00,P17
P17-C09,CreditScoring,2025-02-15T00:18:00,P17
P17-C09,CreditApproval,2025-02-15T00:24:00,P17
P17-C09,Disbursement,2025-02-15T00:30:00,P17
P17-C10,LoanApplicationProcessing,2025-02-15T01:00:00,P17
P17-C10,CustomerIdentification,2025-02-15T01:06:00,P17
P17-C10,CreditScoring,2025-02-15T01:12:00,P17
P17-C10,CreditScoring,2025-02-15T01:18:00,P17
P17-C10,CreditApproval,2025-02-15T01:24:00,P17
P17-C10,Disbursement,2025-02-15T01:30:00,P17
P17-C11,LoanApplicationProcessing,2025-02-15T02:00:00,P17
P17-C11,CustomerIdentification,2025-02-15T02:06:00,P17
P17-C11,CreditScoring,2025-02-15T02:12:00,P17
P17-C11,CreditScoring,2025-02-15T02:18:00,P17
P17-C11,CreditApproval,2025-02-15T02:24:00,P17
P17-C11,Disbursement,2025-02-15T02:30:00,P17
P17-C12,LoanApplicationProcessing,2025-02-15T03:00:00,P17
P17-C12,CustomerIdentification,2025-02-15T03:06:00,P17
P17-C12,CreditScoring,2025-02-15T03:12:00,P17
P17-C12,CreditScoring,2025-02-15T03:18:00,P17
P17-C12,CreditApproval,2025-02-15T03:24:00,P17
P17-C12,Disbursement,2025-02-15T03:30:00,P17
P17-C13,LoanApplicationProcessing,2025-02-15T04:00:00,P17
P17-C13,CustomerIdentification,2025-02-15T04:06:00,P17
P17-C13,CreditScoring,2025-02-15T04:12:00,P17
P17-C13,CreditScoring,2025-02-15T04:18:00,P17
P17-C13,CreditApproval,2025-02-15T04:24:00,P17
P17-C13,Disbursement,2025-02-15T04:30:00,P17
P17-C14,LoanApplicationProcessing,2025-02-15T05:00:00,P17
P17-C14,CustomerIdentification,2025-02-15T05:06:00,P17
P17-C14,CreditScoring,2025-02-15T05:12:00,P17
P17-C14,CreditScoring,2025-02-15T05:18:00,P17
P17-C14,CreditApproval,2025-02-15T05:24:00,P17
P17-C14,Disbursement,2025-02-15T05:30:00,P17
P17-C15,LoanApplicationProcessing,2025-02-15T06:00:00,P17
P17-C15,CustomerIdentification,2025-02-15T06:06:00,P17
P17-C15,CreditScoring,2025-02-15T06:12:00,P17
P17-C15,CreditScoring,2025-02-15T06:18:00,P17
P17-C15,CreditApproval,2025-02-15T06:24:00,P17
P17-C15,Disbursement,2025-02-15T06:30:00,P17
P17-C16,LoanApplicationProcessing,2025-02-15T07:00:00,P17
P17-C16,CustomerIdentification,2025-02-15T07:06:00,P17
P17-C16,CreditScoring,2025-02-15T07:12:00,P17
P17-C16,CreditScoring,2025-02-15T07:18:00,P17
P17-C16,CreditApproval,2025-02-15T07:24:00,P17
P17-C16,Disbursement,2025-02-15T07:30:00,P17
P17-C17,LoanApplicationProcessing,2025-02-15T08:00:00,P17
P17-C17,CustomerIdentification,2025-02-15T08:06:00,P17
P17-C17,CreditScoring,2025-02-15T08:12:00,P17
P17-C17,CreditScoring,2025-02-15T08:18:00,P17
P17-C17,CreditApproval,2025-02-15T08:24:00,P17
P17-C17,Disbursement,2025-02-15T08:30:00,P17
P17-C18,LoanApplicationProcessing,2025-02-15T09:00:00,P17
P17-C18,CustomerIdentification,2025-02-15T09:06:00,P17
P17-C18,CreditScoring,2025-02-15T09:12:00,P17
P17-C18,CreditScoring,2025-02-15T09:18:00,P17
P17-C18,CreditApproval,2025-02-15T09:24:00,P17
P17-C18,Disbursement,2025-02-15T09:30:00,P17
P17-C19,LoanApplicationProcessing,2025-02-15T10:00:00,P17
P17-C19,CustomerIdentification,2025-02-15T10:06:00,P17
P17-C19,CreditScoring,2025-02-15T10:12:00,P17
P17-C19,CreditScoring,2025-02-15T10:18:00,P17
P17-C19,CreditApproval,2025-02-15T10:24:00,P17
P17-C19,Disbursement,2025-02-15T10:30:00,P17
P17-C20,LoanApplicationProcessing,2025-02-15T11:00:00,P17
P17-C20,CustomerIdentification,2025-02-15T11:06:00,P17
P17-C20,CreditScoring,2025-02-15T11:12:00,P17
P17-C20,CreditScoring,2025-02-15T11:18:00,P17
P17-C20,CreditApproval,2025-02-15T11:24:00,P17
P17-C20,Disbursement,2025-02-15T11:30:00,P17
P18-C01,FundTransfer,2025-02-15T12:00:00,P18
P18-C01,ForeignExchange,2025-02-15T12:06:00,P18
P18-C01,Reconciliation,2025-02-15T12:12:00,P18
P18-C02,FundTransfer,2025-02-15T13:00:00,P18
P18-C02,ForeignExchange,2025-02-15T13:06:00,P18
P18-C02,Reconciliation,2025-02-15T13:12:00,P18
P18-C03,FundTransfer,2025-02-15T14:00:00,P18
P18-C03,ForeignExchange,2025-02-15T14:06:00,P18
P18-C03,Reconciliation,2025-02-15T14:12:00,P18
P18-C04,FundTransfer,2025-02-15T15:00:00,P18
P18-C04,ForeignExchange,2025-02-15T15:06:00,P18
P18-C04,Reconciliation,2025-02-15T15:12:00,P18
P18-C05,FundTransfer,2025-02-15T16:00:00,P18
P18-C05,ForeignExchange,2025-02-15T16:06:00,P18
P18-C05,Reconciliation,2025-02-15T16:12:00,P18
P18-C06,FundTransfer,2025-02-15T17:00:00,P18
P18-C06,ForeignExchange,2025-02-15T17:06:00,P18
P18-C06,Reconciliation,2025-02-15T17:12:00,P18
P18-C07,FundTransfer,2025-02-15T18:00:00,P18
P18-C07,ForeignExchange,2025-02-15T18:06:00,P18
P18-C07,Reconciliation,2025-02-15T18:12:00,P18
P18-C08,FundTransfer,2025-02-15T19:00:00,P18
P18-C08,ForeignExchange,2025-02-15T19:06:00,P18
P18-C08,Reconciliation,2025-02-15T19:12:00,P18
P18-C09,FundTransfer,2025-02-15T20:00:00,P18
P18-C09,ForeignExchange,2025-02-15T20:06:00,P18
P18-C09,Reconciliation,2025-02-15T20:12:00,P18
P18-C10,FundTransfer,2025-02-15T21:00:00,P18
P18-C10,ForeignExchange,2025-02-15T21:06:00,P18
P18-C10,Reconciliation,2025-02-15T21:12:00,P18
P18-C11,FundTransfer,2025-02-15T22:00:00,P18
P18-C11,ForeignExchange,2025-02-15T22:06:00,P18
P18-C11,Reconciliation,2025-02-15T22:12:00,P18
P18-C12,FundTransfer,2025-02-15T23:00:00,P18
P18-C12,ForeignExchange,2025-02-15T23:06:00,P18
P18-C12,Reconciliation,2025-02-15T23:12:00,P18
P18-C13,FundTransfer,2025-02-16T00:00:00,P18
P18-C13,ForeignExchange,2025-02-16T00:06:00,P18
P18-C13,Reconciliation,2025-02-16T00:12:00,P18
P18-C14,FundTransfer,2025-02-16T01:00:00,P18
P18-C14,ForeignExchange,2025-02-16T01:06:00,P18
P18-C14,Reconciliation,2025-02-16T01:12:00,P18
P18-C15,FundTransfer,2025-02-16T02:00:00,P18
P18-C15,ForeignExchange,2025-02-16T02:06:00,P18
P18-C15,Reconciliation,2025-02-16T02:12:00,P18
P18-C16,FundTransfer,2025-02-16T03:00:00,P18
P18-C16,ForeignExchange,2025-02-16T03:06:00,P18
P18-C16,Reconciliation,2025-02-16T03:12:00,P18
P18-C17,FundTransfer,2025-02-16T04:00:00,P18
P18-C17,ForeignExchange,2025-02-16T04:06:00,P18
P18-C17,Reconciliation,2025-02-16T04:12:00,P18
P18-C18,FundTransfer,2025-02-16T05:00:00,P18
P18-C18,ForeignExchange,2025-02-16T05:06:00,P18
P18-C18,Reconciliation,2025-02-16T05:12:00,P18
P18-C19,FundTransfer,2025-02-16T06:00:00,P18
P18-C19,ForeignExchange,2025-02-16T06:06:00,P18
P18-C19,Reconciliation,2025-02-16T06:12:00,P18
P18-C20,FundTransfer,2025-02-16T07:00:00,P18
P18-C20,ForeignExchange,2025-02-16T07:06:00,P18
P18-C20,Reconciliation,2025-02-16T07:12:00,P18
P19-C01,LetterOfCreditIssuance,2025-02-16T08:00:00,P19
P19-C01,TransactionMonitoring,2025-02-16T08:06:00,P19
P19-C01,AMLScreening,2025-02-16T08:12:00,P19
P19-C01,Disbursement,2025-02-16T08:18:00,P19
P19-C02,LetterOfCreditIssuance,2025-02-16T09:00:00,P19
P19-C02,TransactionMonitoring,2025-02-16T09:06:00,P19
P19-C02,AMLScreening,2025-02-16T09:12:00,P19
P19-C02,Disbursement,2025-02-16T09:18:00,P19
P19-C03,LetterOfCreditIssuance,2025-02-16T10:00:00,P19
P19-C03,TransactionMonitoring,2025-02-16T10:06:00,P19
P19-C03,AMLScreening,2025-02-16T10:12:00,P19
P19-C03,Disbursement,2025-02-16T10:18:00,P19
P19-C04,LetterOfCreditIssuance,2025-02-16T11:00:00,P19
P19-C04,TransactionMonitoring,2025-02-16T11:06:00,P19
P19-C04,AMLScreening,2025-02-16T11:12:00,P19
P19-C04,Disbursement,2025-02-16T11:18:00,P19
P19-C05,LetterOfCreditIssuance,2025-02-16T12:00:00,P19
P19-C05,TransactionMonitoring,2025-02-16T12:06:00,P19
P19-C05,AMLScreening,2025-02-16T12:12:00,P19
P19-C05,Disbursement,2025-02-16T12:18:00,P19
P19-C06,LetterOfCreditIssuance,2025-02-16T13:00:00,P19
P19-C06,TransactionMonitoring,2025-02-16T13:06:00,P19
P19-C06,AMLScreening,2025-02-16T13:12:00,P19
P19-C06,Disbursement,2025-02-16T13:18:00,P19
P19-C07,LetterOfCreditIssuance,2025-02-16T14:00:00,P19
P19-C07,TransactionMonitoring,2025-02-16T14:06:00,P19
P19-C07,AMLScreening,2025-02-16T14:12:00,P19
P19-C07,Disbursement,2025-02-16T14:18:00,P19
P19-C08,LetterOfCreditIssuance,2025-02-16T15:00:00,P19
P19-C08,TransactionMonitoring,2025-02-16T15:06:00,P19
P19-C08,AMLScreening,2025-02-16T15:12:00,P19
P19-C08,Disbursement,2025-02-16T15:18:00,P19
P19-C09,LetterOfCreditIssuance,2025-02-16T16:00:00,P19
P19-C09,TransactionMonitoring,2025-02-16T16:06:00,P19
P19-C09,AMLScreening,2025-02-16T16:12:00,P19
P19-C09,Disbursement,2025-02-16T16:18:00,P19
P19-C10,LetterOfCreditIssuance,2025-02-16T17:00:00,P19
P19-C10,TransactionMonitoring,2025-02-16T17:06:00,P19
P19-C10,AMLScreening,2025-02-16T17:12:00,P19
P19-C10,Disbursement,2025-02-16T17:18:00,P19
P19-C11,LetterOfCreditIssuance,2025-02-16T18:00:00,P19
P19-C11,TransactionMonitoring,2025-02-16T18:06:00,P19
P19-C11,AMLScreening,2025-02-16T18:12:00,P19
P19-C11,Disbursement,2025-02-16T18:18:00,P19
P19-C12,LetterOfCreditIssuance,2025-02-16T19:00:00,P19
P19-C12,TransactionMonitoring,2025-02-16T19:06:00,P19
P19-C12,AMLScreening,2025-02-16T19:12:00,P19
P19-C12,Disbursement,2025-02-16T19:18:00,P19
P19-C13,LetterOfCreditIssuance,2025-02-16T20:00:00,P19
P19-C13,TransactionMonitoring,2025-02-16T20:06:00,P19
P19-C13,AMLScreening,2025-02-16T20:12:00,P19
P19-C13,Disbursement,2025-02-16T20:18:00,P19
P19-C14,LetterOfCreditIssuance,2025-02-16T21:00:00,P19
P19-C14,TransactionMonitoring,2025-02-16T21:06:00,P19
P19-C14,AMLScreening,2025-02-16T21:12:00,P19
P19-C14,Disbursement,2025-02-16T21:18:00,P19
P19-C15,LetterOfCreditIssuance,2025-02-16T22:00:00,P19
P19-C15,TransactionMonitoring,2025-02-16T22:06:00,P19
P19-C15,AMLScreening,2025-02-16T22:12:00,P19
P19-C15,Disbursement,2025-02-16T22:18:00,P19
P19-C16,LetterOfCreditIssuance,2025-02-16T23:00:00,P19
P19-C16,TransactionMonitoring,2025-02-16T23:06:00,P19
P19-C16,AMLScreening,2025-02-16T23:12:00,P19
P19-C16,Disbursement,2025-02-16T23:18:00,P19
P19-C17,LetterOfCreditIssuance,2025-02-17T00:00:00,P19
P19-C17,TransactionMonitoring,2025-02-17T00:06:00,P19
P19-C17,AMLScreening,2025-02-17T00:12:00,P19
P19-C17,Disbursement,2025-02-17T00:18:00,P19
P19-C18,LetterOfCreditIssuance,2025-02-17T01:00:00,P19
P19-C18,TransactionMonitoring,2025-02-17T01:06:00,P19
P19-C18,AMLScreening,2025-02-17T01:12:00,P19
P19-C18,Disbursement,2025-02-17T01:18:00,P19
P19-C19,LetterOfCreditIssuance,2025-02-17T02:00:00,P19
P19-C19,TransactionMonitoring,2025-02-17T02:06:00,P19
P19-C19,AMLScreening,2025-02-17T02:12:00,P19
P19-C19,Disbursement,2025-02-17T02:18:00,P19
P19-C20,LetterOfCreditIssuance,2025-02-17T03:00:00,P19
P19-C20,TransactionMonitoring,2025-02-17T03:06:00,P19
P19-C20,AMLScreening,2025-02-17T03:12:00,P19
P19-C20,Disbursement,2025-02-17T03:18:00,P19
P20-C01,AccountOpening,2025-02-17T04:00:00,P20
P20-C01,FundTransfer,2025-02-17T04:06:00,P20
P20-C01,PaymentSettlement,2025-02-17T04:12:00,P20
P20-C02,AccountOpening,2025-02-17T05:00:00,P20
P20-C02,FundTransfer,2025-02-17T05:06:00,P20
P20-C02,PaymentSettlement,2025-02-17T05:12:00,P20
P20-C03,AccountOpening,2025-02-17T06:00:00,P20
P20-C03,FundTransfer,2025-02-17T06:06:00,P20
P20-C03,PaymentSettlement,2025-02-17T06:12:00,P20
P20-C04,AccountOpening,2025-02-17T07:00:00,P20
P20-C04,FundTransfer,2025-02-17T07:06:00,P20
P20-C04,PaymentSettlement,2025-02-17T07:12:00,P20
P20-C05,AccountOpening,2025-02-17T08:00:00,P20
P20-C05,FundTransfer,2025-02-17T08:06:00,P20
P20-C05,PaymentSettlement,2025-02-17T08:12:00,P20
P20-C06,AccountOpening,2025-02-17T09:00:00,P20
P20-C06,FundTransfer,2025-02-17T09:06:00,P20
P20-C06,PaymentSettlement,2025-02-17T09:12:00,P20
P20-C07,AccountOpening,2025-02-17T10:00:00,P20
P20-C07,FundTransfer,2025-02-17T10:06:00,P20
P20-C07,PaymentSettlement,2025-02-17T10:12:00,P20
P20-C08,AccountOpening,2025-02-17T11:00:00,P20
P20-C08,FundTransfer,2025-02-17T11:06:00,P20
P20-C08,PaymentSettlement,2025-02-17T11:12:00,P20
P20-C09,AccountOpening,2025-02-17T12:00:00,P20
P20-C09,FundTransfer,2025-02-17T12:06:00,P20
P20-C09,PaymentSettlement,2025-02-17T12:12:00,P20
P20-C10,AccountOpening,2025-02-17T13:00:00,P20
P20-C10,FundTransfer,2025-02-17T13:06:00,P20
P20-C10,PaymentSettlement,2025-02-17T13:12:00,P20
P20-C11,AccountOpening,2025-02-17T14:00:00,P20
P20-C11,FundTransfer,2025-02-17T14:06:00,P20
P20-C11,PaymentSettlement,2025-02-17T14:12:00,P20
P20-C12,AccountOpening,2025-02-17T15:00:00,P20
P20-C12,FundTransfer,2025-02-17T15:06:00,P20
P20-C12,PaymentSettlement,2025-02-17T15:12:00,P20
P20-C13,AccountOpening,2025-02-17T16:00:00,P20
P20-C13,FundTransfer,2025-02-17T16:06:00,P20
P20-C13,PaymentSettlement,2025-02-17T16:12:00,P20
P20-C14,AccountOpening,2025-02-17T17:00:00,P20
P20-C14,FundTransfer,2025-02-17T17:06:00,P20
P20-C14,PaymentSettlement,2025-02-17T17:12:00,P20
P20-C15,AccountOpening,2025-02-17T18:00:00,P20
P20-C15,FundTransfer,2025-02-17T18:06:00,P20
P20-C15,PaymentSettlement,2025-02-17T18:12:00,P20
P20-C16,AccountOpening,2025-02-17T19:00:00,P20
P20-C16,FundTransfer,2025-02-17T19:06:00,P20
P20-C16,PaymentSettlement,2025-02-17T19:12:00,P20
P20-C17,AccountOpening,2025-02-17T20:00:00,P20
P20-C17,FundTransfer,2025-02-17T20:06:00,P20
P20-C17,PaymentSettlement,2025-02-17T20:12:00,P20
P20-C18,AccountOpening,2025-02-17T21:00:00,P20
P20-C18,FundTransfer,2025-02-17T21:06:00,P20
P20-C18,PaymentSettlement,2025-02-17T21:12:00,P20
P20-C19,AccountOpening,2025-02-17T22:00:00,P20
P20-C19,FundTransfer,2025-02-17T22:06:00,P20
P20-C19,PaymentSettlement,2025-02-17T22:12:00,P20
P20-C20,AccountOpening,2025-02-17T23:00:00,P20
P20-C20,FundTransfer,2025-02-17T23:06:00,P20
P20-C20,PaymentSettlement,2025-02-17T23:12:00,P20
